permutation,group,scope,task,ba
0,all,all,0,0.49285250162443145
0,task1,task,1,0.4761162296243799
0,task2,task,2,0.510523991757433
0,VisualCogA_Task-1,record,1,0.5066860465116279
0,VisualCogA_Task-2,record,2,0.460838389409818
0,VisualCogB_Task-1,record,1,0.4473975636766334
0,VisualCogB_Task-2,record,2,0.5694980694980695
1,all,all,0,0.4964262508122157
1,task1,task,1,0.4532955350815025
1,task2,task,2,0.5390785987636149
1,VisualCogA_Task-1,record,1,0.5691860465116279
1,VisualCogA_Task-2,record,2,0.6268615554329839
1,VisualCogB_Task-1,record,1,0.3402547065337763
1,VisualCogB_Task-2,record,2,0.46074646074646075
2,all,all,0,0.52046783625731
2,task1,task,1,0.48858965272856136
2,task2,task,2,0.5527671474830733
2,VisualCogA_Task-1,record,1,0.4468023255813953
2,VisualCogA_Task-2,record,2,0.5860452289023718
2,VisualCogB_Task-1,record,1,0.5287929125138427
2,VisualCogB_Task-2,record,2,0.5353925353925354
3,all,all,0,0.48310591293047433
3,task1,task,1,0.4695251594613749
3,task2,task,2,0.49838092434501025
3,VisualCogA_Task-1,record,1,0.42906976744186043
3,VisualCogA_Task-2,record,2,0.5388858246001103
3,VisualCogB_Task-1,record,1,0.5058139534883721
3,VisualCogB_Task-2,record,2,0.45270270270270274
4,all,all,0,0.5152696556205328
4,task1,task,1,0.47639971651311125
4,task2,task,2,0.556373270532823
4,VisualCogA_Task-1,record,1,0.48343023255813955
4,VisualCogA_Task-2,record,2,0.5623276337562052
4,VisualCogB_Task-1,record,1,0.4706533776301218
4,VisualCogB_Task-2,record,2,0.5495495495495495
5,all,all,0,0.49610136452241715
5,task1,task,1,0.5010630758327428
5,task2,task,2,0.4889608478068884
5,VisualCogA_Task-1,record,1,0.48517441860465116
5,VisualCogA_Task-2,record,2,0.5190292333149477
5,VisualCogB_Task-1,record,1,0.5166112956810631
5,VisualCogB_Task-2,record,2,0.44079794079794077
6,all,all,0,0.49463937621832355
6,task1,task,1,0.49404677533664065
6,task2,task,2,0.49425964085958196
6,VisualCogA_Task-1,record,1,0.5084302325581396
6,VisualCogA_Task-2,record,2,0.5187534473248758
6,VisualCogB_Task-1,record,1,0.4831118493909192
6,VisualCogB_Task-2,record,2,0.47425997425997424
7,all,all,0,0.4814814814814815
7,task1,task,1,0.5405386250885896
7,task2,task,2,0.4219163968207242
7,VisualCogA_Task-1,record,1,0.5398255813953488
7,VisualCogA_Task-2,record,2,0.41395477109762824
7,VisualCogB_Task-1,record,1,0.5426356589147286
7,VisualCogB_Task-2,record,2,0.416988416988417
8,all,all,0,0.44623131903833657
8,task1,task,1,0.5174344436569809
8,task2,task,2,0.37334412717103327
8,VisualCogA_Task-1,record,1,0.5299418604651163
8,VisualCogA_Task-2,record,2,0.32570325427468283
8,VisualCogB_Task-1,record,1,0.5066445182724253
8,VisualCogB_Task-2,record,2,0.4202059202059202
9,all,all,0,0.4468810916179337
9,task1,task,1,0.42246633593196314
9,task2,task,2,0.4715189873417721
9,VisualCogA_Task-1,record,1,0.49156976744186043
9,VisualCogA_Task-2,record,2,0.5322669608383894
9,VisualCogB_Task-1,record,1,0.35243632336655595
9,VisualCogB_Task-2,record,2,0.4066924066924067
10,all,all,0,0.5225795971410007
10,task1,task,1,0.5478384124734231
10,task2,task,2,0.49632028260229616
10,VisualCogA_Task-1,record,1,0.47093023255813954
10,VisualCogA_Task-2,record,2,0.5457804743519029
10,VisualCogB_Task-1,record,1,0.6234772978959026
10,VisualCogB_Task-2,record,2,0.444015444015444
11,all,all,0,0.4759584145549058
11,task1,task,1,0.5046775336640681
11,task2,task,2,0.44826317338828375
11,VisualCogA_Task-1,record,1,0.4997093023255814
11,VisualCogA_Task-2,record,2,0.3662437948152234
11,VisualCogB_Task-1,record,1,0.5063676633444075
11,VisualCogB_Task-2,record,2,0.5305662805662805
12,all,all,0,0.531351526965562
12,task1,task,1,0.5236002834868887
12,task2,task,2,0.5395937591992934
12,VisualCogA_Task-1,record,1,0.40930232558139534
12,VisualCogA_Task-2,record,2,0.5016547159404302
12,VisualCogB_Task-1,record,1,0.6356589147286822
12,VisualCogB_Task-2,record,2,0.583011583011583
13,all,all,0,0.4537037037037037
13,task1,task,1,0.5119773210489015
13,task2,task,2,0.3943921106858993
13,VisualCogA_Task-1,record,1,0.5406976744186047
13,VisualCogA_Task-2,record,2,0.3662437948152234
13,VisualCogB_Task-1,record,1,0.4817275747508305
13,VisualCogB_Task-2,record,2,0.4137709137709138
14,all,all,0,0.5025990903183886
14,task1,task,1,0.5244507441530829
14,task2,task,2,0.4799087430085369
14,VisualCogA_Task-1,record,1,0.48604651162790696
14,VisualCogA_Task-2,record,2,0.5220628792057364
14,VisualCogB_Task-1,record,1,0.5647840531561461
14,VisualCogB_Task-2,record,2,0.42567567567567566
15,all,all,0,0.5560428849902534
15,task1,task,1,0.5838412473423105
15,task2,task,2,0.5269355313511922
15,VisualCogA_Task-1,record,1,0.5308139534883721
15,VisualCogA_Task-2,record,2,0.5526751241036956
15,VisualCogB_Task-1,record,1,0.6345514950166113
15,VisualCogB_Task-2,record,2,0.4916344916344917
16,all,all,0,0.4476933073424301
16,task1,task,1,0.48788093550673284
16,task2,task,2,0.4075654989696791
16,VisualCogA_Task-1,record,1,0.4468023255813953
16,VisualCogA_Task-2,record,2,0.4677330391616106
16,VisualCogB_Task-1,record,1,0.5301771871539314
16,VisualCogB_Task-2,record,2,0.3375160875160875
17,all,all,0,0.49398960363872646
17,task1,task,1,0.5052445074415308
17,task2,task,2,0.48263173388283775
17,VisualCogA_Task-1,record,1,0.4584302325581395
17,VisualCogA_Task-2,record,2,0.44787644787644787
17,VisualCogB_Task-1,record,1,0.5545404208194906
17,VisualCogB_Task-2,record,2,0.5051480051480052
18,all,all,0,0.4891163092917479
18,task1,task,1,0.4464209780297661
18,task2,task,2,0.5322343244038859
18,VisualCogA_Task-1,record,1,0.4476744186046512
18,VisualCogA_Task-2,record,2,0.5562603419746277
18,VisualCogB_Task-1,record,1,0.4476744186046512
18,VisualCogB_Task-2,record,2,0.49002574002574006
19,all,all,0,0.5406107862248213
19,task1,task,1,0.5601700921332389
19,task2,task,2,0.519060936120106
19,VisualCogA_Task-1,record,1,0.5441860465116279
19,VisualCogA_Task-2,record,2,0.7051847766133481
19,VisualCogB_Task-1,record,1,0.575858250276855
19,VisualCogB_Task-2,record,2,0.31853281853281856
20,all,all,0,0.4987004548408057
20,task1,task,1,0.5241672572643515
20,task2,task,2,0.4720341477774507
20,VisualCogA_Task-1,record,1,0.5200581395348837
20,VisualCogA_Task-2,record,2,0.38306674020959736
20,VisualCogB_Task-1,record,1,0.5293466223698782
20,VisualCogB_Task-2,record,2,0.5727155727155727
21,all,all,0,0.5495451591942819
21,task1,task,1,0.5238837703756202
21,task2,task,2,0.5755078010008832
21,VisualCogA_Task-1,record,1,0.5174418604651163
21,VisualCogA_Task-2,record,2,0.6373414230557087
21,VisualCogB_Task-1,record,1,0.5290697674418605
21,VisualCogB_Task-2,record,2,0.5051480051480052
22,all,all,0,0.4522417153996101
22,task1,task,1,0.4580439404677534
22,task2,task,2,0.4456873712098911
22,VisualCogA_Task-1,record,1,0.4825581395348837
22,VisualCogA_Task-2,record,2,0.45808052950910094
22,VisualCogB_Task-1,record,1,0.436046511627907
22,VisualCogB_Task-2,record,2,0.416988416988417
23,all,all,0,0.4787199480181936
23,task1,task,1,0.45875265768958184
23,task2,task,2,0.49941124521636737
23,VisualCogA_Task-1,record,1,0.386046511627907
23,VisualCogA_Task-2,record,2,0.4980694980694981
23,VisualCogB_Task-1,record,1,0.5287929125138427
23,VisualCogB_Task-2,record,2,0.5035392535392536
24,all,all,0,0.5047108512020793
24,task1,task,1,0.43997165131112687
24,task2,task,2,0.5722696496909038
24,VisualCogA_Task-1,record,1,0.3843023255813953
24,VisualCogA_Task-2,record,2,0.61003861003861
24,VisualCogB_Task-1,record,1,0.4947397563676634
24,VisualCogB_Task-2,record,2,0.5257400257400258
25,all,all,0,0.47612085769980506
25,task1,task,1,0.47498228206945425
25,task2,task,2,0.4788784221371799
25,VisualCogA_Task-1,record,1,0.4790697674418605
25,VisualCogA_Task-2,record,2,0.4407060121345836
25,VisualCogB_Task-1,record,1,0.47203765227021044
25,VisualCogB_Task-2,record,2,0.5186615186615187
26,all,all,0,0.47384665367121503
26,task1,task,1,0.5119773210489015
26,task2,task,2,0.4340594642331469
26,VisualCogA_Task-1,record,1,0.46569767441860466
26,VisualCogA_Task-2,record,2,0.373138444567016
26,VisualCogB_Task-1,record,1,0.5514950166112956
26,VisualCogB_Task-2,record,2,0.49646074646074645
27,all,all,0,0.4498050682261209
27,task1,task,1,0.32721474131821404
27,task2,task,2,0.574477480129526
27,VisualCogA_Task-1,record,1,0.31366279069767444
27,VisualCogA_Task-2,record,2,0.528957528957529
27,VisualCogB_Task-1,record,1,0.3416389811738649
27,VisualCogB_Task-2,record,2,0.621943371943372
28,all,all,0,0.5024366471734893
28,task1,task,1,0.4929128277817151
28,task2,task,2,0.5127318221960553
28,VisualCogA_Task-1,record,1,0.5415697674418605
28,VisualCogA_Task-2,record,2,0.5661886376172091
28,VisualCogB_Task-1,record,1,0.4490586932447398
28,VisualCogB_Task-2,record,2,0.46074646074646075
29,all,all,0,0.4959389213775179
29,task1,task,1,0.566194188518781
29,task2,task,2,0.42294671769208125
29,VisualCogA_Task-1,record,1,0.5790697674418605
29,VisualCogA_Task-2,record,2,0.4103695532266961
29,VisualCogB_Task-1,record,1,0.5517718715393134
29,VisualCogB_Task-2,record,2,0.43050193050193053
30,all,all,0,0.5160818713450293
30,task1,task,1,0.5650602409638554
30,task2,task,2,0.46673535472475713
30,VisualCogA_Task-1,record,1,0.5816860465116279
30,VisualCogA_Task-2,record,2,0.5490899062327634
30,VisualCogB_Task-1,record,1,0.5548172757475083
30,VisualCogB_Task-2,record,2,0.37966537966537967
31,all,all,0,0.4764457439896036
31,task1,task,1,0.49936215450035437
31,task2,task,2,0.45356196644097735
31,VisualCogA_Task-1,record,1,0.4316860465116279
31,VisualCogA_Task-2,record,2,0.4241588527302813
31,VisualCogB_Task-1,record,1,0.5653377630121816
31,VisualCogB_Task-2,record,2,0.46299871299871304
32,all,all,0,0.4959389213775179
32,task1,task,1,0.4710843373493976
32,task2,task,2,0.5195760965557845
32,VisualCogA_Task-1,record,1,0.4726744186046512
32,VisualCogA_Task-2,record,2,0.4238830667402096
32,VisualCogB_Task-1,record,1,0.46982281284606864
32,VisualCogB_Task-2,record,2,0.6235521235521235
33,all,all,0,0.41195581546458737
33,task1,task,1,0.3343727852586818
33,task2,task,2,0.4889608478068884
33,VisualCogA_Task-1,record,1,0.3404069767441861
33,VisualCogA_Task-2,record,2,0.5154440154440154
33,VisualCogB_Task-1,record,1,0.3283499446290144
33,VisualCogB_Task-2,record,2,0.4575289575289575
34,all,all,0,0.5193307342430149
34,task1,task,1,0.5413890857547838
34,task2,task,2,0.49735060347365323
34,VisualCogA_Task-1,record,1,0.6122093023255815
34,VisualCogA_Task-2,record,2,0.49145063430777713
34,VisualCogB_Task-1,record,1,0.47037652270210406
34,VisualCogB_Task-2,record,2,0.5067567567567568
35,all,all,0,0.5623781676413255
35,task1,task,1,0.530474840538625
35,task2,task,2,0.5939799823373565
35,VisualCogA_Task-1,record,1,0.5075581395348837
35,VisualCogA_Task-2,record,2,0.57280750137893
35,VisualCogB_Task-1,record,1,0.552048726467331
35,VisualCogB_Task-2,record,2,0.621943371943372
36,all,all,0,0.46848602988953864
36,task1,task,1,0.47597448618001414
36,task2,task,2,0.4614365616720636
36,VisualCogA_Task-1,record,1,0.4683139534883721
36,VisualCogA_Task-2,record,2,0.4136789851075565
36,VisualCogB_Task-1,record,1,0.482281284606866
36,VisualCogB_Task-2,record,2,0.5019305019305019
37,all,all,0,0.46832358674463936
37,task1,task,1,0.4520198440822112
37,task2,task,2,0.485722696496909
37,VisualCogA_Task-1,record,1,0.42267441860465116
37,VisualCogA_Task-2,record,2,0.444015444015444
37,VisualCogB_Task-1,record,1,0.4833887043189369
37,VisualCogB_Task-2,record,2,0.5305662805662805
38,all,all,0,0.5032488628979856
38,task1,task,1,0.48171509567682497
38,task2,task,2,0.5248748896084781
38,VisualCogA_Task-1,record,1,0.44244186046511624
38,VisualCogA_Task-2,record,2,0.5799779371207943
38,VisualCogB_Task-1,record,1,0.5174418604651163
38,VisualCogB_Task-2,record,2,0.45592020592020593
39,all,all,0,0.5497076023391814
39,task1,task,1,0.5185683912119065
39,task2,task,2,0.5797762731822196
39,VisualCogA_Task-1,record,1,0.5316860465116279
39,VisualCogA_Task-2,record,2,0.6001103143960287
39,VisualCogB_Task-1,record,1,0.5049833887043189
39,VisualCogB_Task-2,record,2,0.5608108108108107
40,all,all,0,0.5534437946718649
40,task1,task,1,0.5892983699503898
40,task2,task,2,0.5178834265528407
40,VisualCogA_Task-1,record,1,0.6273255813953489
40,VisualCogA_Task-2,record,2,0.5082735797021511
40,VisualCogB_Task-1,record,1,0.5531561461794019
40,VisualCogB_Task-2,record,2,0.5273487773487774
41,all,all,0,0.4926900584795322
41,task1,task,1,0.488731396172927
41,task2,task,2,0.49528996173093903
41,VisualCogA_Task-1,record,1,0.43779069767441864
41,VisualCogA_Task-2,record,2,0.5088251516822946
41,VisualCogB_Task-1,record,1,0.54125138427464
41,VisualCogB_Task-2,record,2,0.46621621621621623
42,all,all,0,0.5576673164392463
42,task1,task,1,0.5822820694542877
42,task2,task,2,0.5342949661465999
42,VisualCogA_Task-1,record,1,0.5630813953488372
42,VisualCogA_Task-2,record,2,0.4509100937672367
42,VisualCogB_Task-1,record,1,0.6010520487264673
42,VisualCogB_Task-2,record,2,0.617117117117117
43,all,all,0,0.503411306042885
43,task1,task,1,0.5177179305457122
43,task2,task,2,0.48793052693553135
43,VisualCogA_Task-1,record,1,0.4450581395348837
43,VisualCogA_Task-2,record,2,0.3935466078323221
43,VisualCogB_Task-1,record,1,0.5883167220376523
43,VisualCogB_Task-2,record,2,0.5862290862290862
44,all,all,0,0.48619233268356077
44,task1,task,1,0.4818568391211906
44,task2,task,2,0.49102148954960256
44,VisualCogA_Task-1,record,1,0.4575581395348837
44,VisualCogA_Task-2,record,2,0.460838389409818
44,VisualCogB_Task-1,record,1,0.5063676633444075
44,VisualCogB_Task-2,record,2,0.5353925353925354
45,all,all,0,0.4579272254710851
45,task1,task,1,0.46406803685329556
45,task2,task,2,0.4504710038269061
45,VisualCogA_Task-1,record,1,0.5372093023255814
45,VisualCogA_Task-2,record,2,0.3902371759514617
45,VisualCogB_Task-1,record,1,0.38704318936877075
45,VisualCogB_Task-2,record,2,0.5115830115830116
46,all,all,0,0.48814165042235214
46,task1,task,1,0.46980864635010633
46,task2,task,2,0.5064027082720047
46,VisualCogA_Task-1,record,1,0.4816860465116279
46,VisualCogA_Task-2,record,2,0.5460562603419746
46,VisualCogB_Task-1,record,1,0.45957918050941304
46,VisualCogB_Task-2,record,2,0.4575289575289575
47,all,all,0,0.5726120857699805
47,task1,task,1,0.5901488306165841
47,task2,task,2,0.5548277892257875
47,VisualCogA_Task-1,record,1,0.5781976744186046
47,VisualCogA_Task-2,record,2,0.5457804743519029
47,VisualCogB_Task-1,record,1,0.5982834994462901
47,VisualCogB_Task-2,record,2,0.5463320463320464
48,all,all,0,0.3880766731643924
48,task1,task,1,0.4171509567682494
48,task2,task,2,0.35796290844863116
48,VisualCogA_Task-1,record,1,0.3636627906976744
48,VisualCogA_Task-2,record,2,0.2884721456150028
48,VisualCogB_Task-1,record,1,0.47037652270210406
48,VisualCogB_Task-2,record,2,0.41055341055341055
49,all,all,0,0.5498700454840806
49,task1,task,1,0.5479801559177888
49,task2,task,2,0.5512216661760376
49,VisualCogA_Task-1,record,1,0.5933139534883721
49,VisualCogA_Task-2,record,2,0.528957528957529
49,VisualCogB_Task-1,record,1,0.5060908084163898
49,VisualCogB_Task-2,record,2,0.5678893178893178
50,all,all,0,0.5139701104613386
50,task1,task,1,0.4772501771793055
50,task2,task,2,0.5491610244333235
50,VisualCogA_Task-1,record,1,0.32703488372093026
50,VisualCogA_Task-2,record,2,0.6036955322669608
50,VisualCogB_Task-1,record,1,0.622093023255814
50,VisualCogB_Task-2,record,2,0.48133848133848134
51,all,all,0,0.5229044834307992
51,task1,task,1,0.5180014174344436
51,task2,task,2,0.5279658522225493
51,VisualCogA_Task-1,record,1,0.5191860465116279
51,VisualCogA_Task-2,record,2,0.4950358521787094
51,VisualCogB_Task-1,record,1,0.517718715393134
51,VisualCogB_Task-2,record,2,0.5527670527670527
52,all,all,0,0.45159194282001297
52,task1,task,1,0.47122608079376327
52,task2,task,2,0.43030615248748894
52,VisualCogA_Task-1,record,1,0.48517441860465116
52,VisualCogA_Task-2,record,2,0.36293436293436293
52,VisualCogB_Task-1,record,1,0.4579180509413067
52,VisualCogB_Task-2,record,2,0.49002574002574006
53,all,all,0,0.5128330084470435
53,task1,task,1,0.5170092133238837
53,task2,task,2,0.5100088313217545
53,VisualCogA_Task-1,record,1,0.5290697674418605
53,VisualCogA_Task-2,record,2,0.5626034197462769
53,VisualCogB_Task-1,record,1,0.5071982281284607
53,VisualCogB_Task-2,record,2,0.4543114543114543
54,all,all,0,0.5191682910981157
54,task1,task,1,0.4818568391211906
54,task2,task,2,0.5575507801000883
54,VisualCogA_Task-1,record,1,0.4941860465116279
54,VisualCogA_Task-2,record,2,0.5661886376172091
54,VisualCogB_Task-1,record,1,0.47120708748615725
54,VisualCogB_Task-2,record,2,0.5424710424710424
55,all,all,0,0.5462962962962963
55,task1,task,1,0.5243090007087172
55,task2,task,2,0.5671180453341184
55,VisualCogA_Task-1,record,1,0.5165697674418605
55,VisualCogA_Task-2,record,2,0.5460562603419746
55,VisualCogB_Task-1,record,1,0.5279623477297897
55,VisualCogB_Task-2,record,2,0.5846203346203347
56,all,all,0,0.5425601039636128
56,task1,task,1,0.5474131821403261
56,task2,task,2,0.5370179570209008
56,VisualCogA_Task-1,record,1,0.563953488372093
56,VisualCogA_Task-2,record,2,0.512134583563155
56,VisualCogB_Task-1,record,1,0.5290697674418605
56,VisualCogB_Task-2,record,2,0.5592020592020592
57,all,all,0,0.4673489278752437
57,task1,task,1,0.4053862508858965
57,task2,task,2,0.5310568148366206
57,VisualCogA_Task-1,record,1,0.38779069767441865
57,VisualCogA_Task-2,record,2,0.5590182018753448
57,VisualCogB_Task-1,record,1,0.42303433001107416
57,VisualCogB_Task-2,record,2,0.5003217503217503
58,all,all,0,0.4705977907732294
58,task1,task,1,0.4226080793763288
58,task2,task,2,0.5185457756844274
58,VisualCogA_Task-1,record,1,0.40930232558139534
58,VisualCogA_Task-2,record,2,0.5766685052399338
58,VisualCogB_Task-1,record,1,0.4352159468438538
58,VisualCogB_Task-2,record,2,0.4424066924066924
59,all,all,0,0.4676738141650422
59,task1,task,1,0.4226080793763288
59,task2,task,2,0.5127318221960553
59,VisualCogA_Task-1,record,1,0.3968023255813954
59,VisualCogA_Task-2,record,2,0.5088251516822946
59,VisualCogB_Task-1,record,1,0.446843853820598
59,VisualCogB_Task-2,record,2,0.5067567567567568
60,all,all,0,0.5134827810266407
60,task1,task,1,0.5122608079376328
60,task2,task,2,0.5137621430674124
60,VisualCogA_Task-1,record,1,0.4566860465116279
60,VisualCogA_Task-2,record,2,0.5424710424710424
60,VisualCogB_Task-1,record,1,0.5636766334440753
60,VisualCogB_Task-2,record,2,0.48294723294723296
61,all,all,0,0.4775828460038986
61,task1,task,1,0.47682494684620835
61,task2,task,2,0.47681778039446576
61,VisualCogA_Task-1,record,1,0.37616279069767444
61,VisualCogA_Task-2,record,2,0.4103695532266961
61,VisualCogB_Task-1,record,1,0.5761351052048727
61,VisualCogB_Task-2,record,2,0.5472972972972974
62,all,all,0,0.50454840805718
62,task1,task,1,0.5062367115520907
62,task2,task,2,0.5021342360906682
62,VisualCogA_Task-1,record,1,0.5316860465116279
62,VisualCogA_Task-2,record,2,0.4749034749034749
62,VisualCogB_Task-1,record,1,0.482281284606866
62,VisualCogB_Task-2,record,2,0.5154440154440154
63,all,all,0,0.4756335282651072
63,task1,task,1,0.5349397590361445
63,task2,task,2,0.415072122460995
63,VisualCogA_Task-1,record,1,0.5648255813953489
63,VisualCogA_Task-2,record,2,0.48152233866519584
63,VisualCogB_Task-1,record,1,0.506921373200443
63,VisualCogB_Task-2,record,2,0.34716859716859716
64,all,all,0,0.5134827810266407
64,task1,task,1,0.48214032600992207
64,task2,task,2,0.5454077126876655
64,VisualCogA_Task-1,record,1,0.49505813953488376
64,VisualCogA_Task-2,record,2,0.5965250965250966
64,VisualCogB_Task-1,record,1,0.47093023255813954
64,VisualCogB_Task-2,record,2,0.4948519948519948
65,all,all,0,0.4767706302794022
65,task1,task,1,0.44557051736357195
65,task2,task,2,0.5100088313217545
65,VisualCogA_Task-1,record,1,0.3941860465116279
65,VisualCogA_Task-2,record,2,0.5388858246001103
65,VisualCogB_Task-1,record,1,0.4947397563676634
65,VisualCogB_Task-2,record,2,0.4797297297297297
66,all,all,0,0.4337231968810916
66,task1,task,1,0.4871722182849043
66,task2,task,2,0.3796732410950839
66,VisualCogA_Task-1,record,1,0.4334302325581395
66,VisualCogA_Task-2,record,2,0.3530060672917816
66,VisualCogB_Task-1,record,1,0.5429125138427464
66,VisualCogB_Task-2,record,2,0.38996138996138996
67,all,all,0,0.5
67,task1,task,1,0.48157335223245923
67,task2,task,2,0.5185457756844274
67,VisualCogA_Task-1,record,1,0.588953488372093
67,VisualCogA_Task-2,record,2,0.512134583563155
67,VisualCogB_Task-1,record,1,0.37707641196013286
67,VisualCogB_Task-2,record,2,0.5218790218790219
68,all,all,0,0.48619233268356077
68,task1,task,1,0.571367824238129
68,task2,task,2,0.3991757433029144
68,VisualCogA_Task-1,record,1,0.5031976744186046
68,VisualCogA_Task-2,record,2,0.4136789851075565
68,VisualCogB_Task-1,record,1,0.6345514950166113
68,VisualCogB_Task-2,record,2,0.37966537966537967
69,all,all,0,0.47368421052631576
69,task1,task,1,0.505669737774628
69,task2,task,2,0.44090373859287607
69,VisualCogA_Task-1,record,1,0.588953488372093
69,VisualCogA_Task-2,record,2,0.5052399338113623
69,VisualCogB_Task-1,record,1,0.42358803986710963
69,VisualCogB_Task-2,record,2,0.36776061776061775
70,all,all,0,0.4537037037037037
70,task1,task,1,0.37597448618001417
70,task2,task,2,0.5306888430968502
70,VisualCogA_Task-1,record,1,0.31366279069767444
70,VisualCogA_Task-2,record,2,0.5799779371207943
70,VisualCogB_Task-1,record,1,0.4335548172757475
70,VisualCogB_Task-2,record,2,0.4694337194337195
71,all,all,0,0.5523066926575698
71,task1,task,1,0.5597448618001417
71,task2,task,2,0.5438622313806301
71,VisualCogA_Task-1,record,1,0.5450581395348837
71,VisualCogA_Task-2,record,2,0.5493656922228352
71,VisualCogB_Task-1,record,1,0.5769656699889258
71,VisualCogB_Task-2,record,2,0.5321750321750323
72,all,all,0,0.4686484730344379
72,task1,task,1,0.4818568391211906
72,task2,task,2,0.45613776861937005
72,VisualCogA_Task-1,record,1,0.5200581395348837
72,VisualCogA_Task-2,record,2,0.41340319911748485
72,VisualCogB_Task-1,record,1,0.4482281284606866
72,VisualCogB_Task-2,record,2,0.5051480051480052
73,all,all,0,0.5474333983105912
73,task1,task,1,0.5482636428065202
73,task2,task,2,0.5459228731233441
73,VisualCogA_Task-1,record,1,0.5566860465116279
73,VisualCogA_Task-2,record,2,0.5730832873690017
73,VisualCogB_Task-1,record,1,0.5406976744186047
73,VisualCogB_Task-2,record,2,0.5003217503217503
74,all,all,0,0.5219298245614035
74,task1,task,1,0.5719347980155918
74,task2,task,2,0.46894318516337946
74,VisualCogA_Task-1,record,1,0.5674418604651162
74,VisualCogA_Task-2,record,2,0.5325427468284611
74,VisualCogB_Task-1,record,1,0.575858250276855
74,VisualCogB_Task-2,record,2,0.3963963963963964
75,all,all,0,0.4801819363222872
75,task1,task,1,0.44068036853295534
75,task2,task,2,0.5195760965557845
75,VisualCogA_Task-1,record,1,0.5191860465116279
75,VisualCogA_Task-2,record,2,0.6103143960286816
75,VisualCogB_Task-1,record,1,0.3646179401993356
75,VisualCogB_Task-2,record,2,0.4185971685971686
76,all,all,0,0.4835932423651722
76,task1,task,1,0.46435152374202693
76,task2,task,2,0.5031645569620253
76,VisualCogA_Task-1,record,1,0.4825581395348837
76,VisualCogA_Task-2,record,2,0.5694980694980695
76,VisualCogB_Task-1,record,1,0.44712070874861576
76,VisualCogB_Task-2,record,2,0.4288931788931789
77,all,all,0,0.505685510071475
77,task1,task,1,0.3922041105598866
77,task2,task,2,0.6209891080365029
77,VisualCogA_Task-1,record,1,0.34854651162790695
77,VisualCogA_Task-2,record,2,0.6340319911748483
77,VisualCogB_Task-1,record,1,0.43632336655592474
77,VisualCogB_Task-2,record,2,0.6148648648648649
78,all,all,0,0.5344379467186484
78,task1,task,1,0.5357902197023388
78,task2,task,2,0.5327494848395643
78,VisualCogA_Task-1,record,1,0.6389534883720931
78,VisualCogA_Task-2,record,2,0.6271373414230557
78,VisualCogB_Task-1,record,1,0.4352159468438538
78,VisualCogB_Task-2,record,2,0.43050193050193053
79,all,all,0,0.46962313190383365
79,task1,task,1,0.4418143160878809
79,task2,task,2,0.49580512216661765
79,VisualCogA_Task-1,record,1,0.3994186046511628
79,VisualCogA_Task-2,record,2,0.48152233866519584
79,VisualCogB_Task-1,record,1,0.480343300110742
79,VisualCogB_Task-2,record,2,0.5067567567567568
80,all,all,0,0.5615659519168291
80,task1,task,1,0.5895818568391211
80,task2,task,2,0.5322343244038859
80,VisualCogA_Task-1,record,1,0.6648255813953488
80,VisualCogA_Task-2,record,2,0.4611141753998897
80,VisualCogB_Task-1,record,1,0.517718715393134
80,VisualCogB_Task-2,record,2,0.61003861003861
81,all,all,0,0.49821312540610785
81,task1,task,1,0.506094968107725
81,task2,task,2,0.489476008242567
81,VisualCogA_Task-1,record,1,0.47093023255813954
81,VisualCogA_Task-2,record,2,0.5526751241036956
81,VisualCogB_Task-1,record,1,0.54125138427464
81,VisualCogB_Task-2,record,2,0.4185971685971686
82,all,all,0,0.5108836907082521
82,task1,task,1,0.5474131821403261
82,task2,task,2,0.4746099499558434
82,VisualCogA_Task-1,record,1,0.5049418604651162
82,VisualCogA_Task-2,record,2,0.4371207942636514
82,VisualCogB_Task-1,record,1,0.5883167220376523
82,VisualCogB_Task-2,record,2,0.5170527670527671
83,all,all,0,0.5386614684860299
83,task1,task,1,0.5362154500354359
83,task2,task,2,0.5411392405063291
83,VisualCogA_Task-1,record,1,0.5683139534883721
83,VisualCogA_Task-2,record,2,0.5115830115830116
83,VisualCogB_Task-1,record,1,0.5055370985603543
83,VisualCogB_Task-2,record,2,0.583011583011583
84,all,all,0,0.447043534762833
84,task1,task,1,0.4114103472714387
84,task2,task,2,0.4810862525758022
84,VisualCogA_Task-1,record,1,0.42093023255813955
84,VisualCogA_Task-2,record,2,0.5901820187534473
84,VisualCogB_Task-1,record,1,0.39839424141749724
84,VisualCogB_Task-2,record,2,0.3574646074646075
85,all,all,0,0.5216049382716049
85,task1,task,1,0.5231750531537916
85,task2,task,2,0.5206064174271416
85,VisualCogA_Task-1,record,1,0.5165697674418605
85,VisualCogA_Task-2,record,2,0.4544953116381688
85,VisualCogB_Task-1,record,1,0.5301771871539314
85,VisualCogB_Task-2,record,2,0.5797940797940798
86,all,all,0,0.4686484730344379
86,task1,task,1,0.44053862508858965
86,task2,task,2,0.49735060347365323
86,VisualCogA_Task-1,record,1,0.39767441860465114
86,VisualCogA_Task-2,record,2,0.4509100937672367
86,VisualCogB_Task-1,record,1,0.482281284606866
86,VisualCogB_Task-2,record,2,0.5424710424710424
87,all,all,0,0.4705977907732294
87,task1,task,1,0.5108433734939759
87,task2,task,2,0.43133647335884606
87,VisualCogA_Task-1,record,1,0.45145348837209304
87,VisualCogA_Task-2,record,2,0.460838389409818
87,VisualCogB_Task-1,record,1,0.5647840531561461
87,VisualCogB_Task-2,record,2,0.40508365508365507
88,all,all,0,0.5363872644574399
88,task1,task,1,0.5528703047484054
88,task2,task,2,0.5200912569914631
88,VisualCogA_Task-1,record,1,0.5406976744186047
88,VisualCogA_Task-2,record,2,0.4983452840595698
88,VisualCogB_Task-1,record,1,0.5656146179401993
88,VisualCogB_Task-2,record,2,0.5472972972972974
89,all,all,0,0.5701754385964912
89,task1,task,1,0.5653437278525868
89,task2,task,2,0.5749926405652046
89,VisualCogA_Task-1,record,1,0.5540697674418604
89,VisualCogA_Task-2,record,2,0.5526751241036956
89,VisualCogB_Task-1,record,1,0.5766888150609081
89,VisualCogB_Task-2,record,2,0.5949163449163449
90,all,all,0,0.4710851202079272
90,task1,task,1,0.4644932671863926
90,task2,task,2,0.47681778039446576
90,VisualCogA_Task-1,record,1,0.49505813953488376
90,VisualCogA_Task-2,record,2,0.5256480970766685
90,VisualCogB_Task-1,record,1,0.4352159468438538
90,VisualCogB_Task-2,record,2,0.4185971685971686
91,all,all,0,0.5375243664717348
91,task1,task,1,0.5359319631467045
91,task2,task,2,0.5385634383279364
91,VisualCogA_Task-1,record,1,0.42180232558139535
91,VisualCogA_Task-2,record,2,0.5730832873690017
91,VisualCogB_Task-1,record,1,0.6467331118493909
91,VisualCogB_Task-2,record,2,0.4916344916344917
92,all,all,0,0.5164067576348279
92,task1,task,1,0.5836995038979447
92,task2,task,2,0.4467176920812481
92,VisualCogA_Task-1,record,1,0.5558139534883721
92,VisualCogA_Task-2,record,2,0.4986210700496415
92,VisualCogB_Task-1,record,1,0.6115725359911406
92,VisualCogB_Task-2,record,2,0.3780566280566281
93,all,all,0,0.4673489278752437
93,task1,task,1,0.4811481218993622
93,task2,task,2,0.45459228731233436
93,VisualCogA_Task-1,record,1,0.5781976744186046
93,VisualCogA_Task-2,record,2,0.4473248758963045
93,VisualCogB_Task-1,record,1,0.3900885935769657
93,VisualCogB_Task-2,record,2,0.471042471042471
94,all,all,0,0.44509421702404156
94,task1,task,1,0.41700921332388374
94,task2,task,2,0.4735796290844863
94,VisualCogA_Task-1,record,1,0.38779069767441865
94,VisualCogA_Task-2,record,2,0.4575289575289575
94,VisualCogB_Task-1,record,1,0.44712070874861576
94,VisualCogB_Task-2,record,2,0.49324324324324326
95,all,all,0,0.4959389213775179
95,task1,task,1,0.5776754075124026
95,task2,task,2,0.4123491315866942
95,VisualCogA_Task-1,record,1,0.5415697674418605
95,VisualCogA_Task-2,record,2,0.36265857694429127
95,VisualCogB_Task-1,record,1,0.6110188261351053
95,VisualCogB_Task-2,record,2,0.4694337194337195
96,all,all,0,0.5219298245614035
96,task1,task,1,0.506094968107725
96,task2,task,2,0.5370179570209008
96,VisualCogA_Task-1,record,1,0.4575581395348837
96,VisualCogA_Task-2,record,2,0.5190292333149477
96,VisualCogB_Task-1,record,1,0.5526024363233666
96,VisualCogB_Task-2,record,2,0.5440797940797941
97,all,all,0,0.5523066926575698
97,task1,task,1,0.5475549255846917
97,task2,task,2,0.5570356196644097
97,VisualCogA_Task-1,record,1,0.6156976744186047
97,VisualCogA_Task-2,record,2,0.616657473800331
97,VisualCogB_Task-1,record,1,0.48283499446290146
97,VisualCogB_Task-2,record,2,0.5131917631917632
98,all,all,0,0.5274528914879792
98,task1,task,1,0.5118355776045358
98,task2,task,2,0.5423167500735944
98,VisualCogA_Task-1,record,1,0.6130813953488372
98,VisualCogA_Task-2,record,2,0.5394373965802537
98,VisualCogB_Task-1,record,1,0.41140642303433
98,VisualCogB_Task-2,record,2,0.5321750321750323
99,all,all,0,0.4722222222222222
99,task1,task,1,0.4708008504606662
99,task2,task,2,0.4730644686488078
99,VisualCogA_Task-1,record,1,0.5226744186046511
99,VisualCogA_Task-2,record,2,0.4238830667402096
99,VisualCogB_Task-1,record,1,0.42386489479512734
99,VisualCogB_Task-2,record,2,0.5154440154440154
100,all,all,0,0.47953216374269003
100,task1,task,1,0.44039688164422397
100,task2,task,2,0.5185457756844274
100,VisualCogA_Task-1,record,1,0.4593023255813954
100,VisualCogA_Task-2,record,2,0.5427468284611141
100,VisualCogB_Task-1,record,1,0.42414174972314506
100,VisualCogB_Task-2,record,2,0.48133848133848134
101,all,all,0,0.510233918128655
101,task1,task,1,0.5244507441530829
101,task2,task,2,0.49374448042390345
101,VisualCogA_Task-1,record,1,0.5308139534883721
101,VisualCogA_Task-2,record,2,0.5223386651958081
101,VisualCogB_Task-1,record,1,0.5166112956810631
101,VisualCogB_Task-2,record,2,0.4591377091377091
102,all,all,0,0.47465886939571145
102,task1,task,1,0.5301913536498937
102,task2,task,2,0.41713276420370915
102,VisualCogA_Task-1,record,1,0.5343023255813953
102,VisualCogA_Task-2,record,2,0.4100937672366244
102,VisualCogB_Task-1,record,1,0.5299003322259136
102,VisualCogB_Task-2,record,2,0.4353281853281853
103,all,all,0,0.4800194931773879
103,task1,task,1,0.45230333097094255
103,task2,task,2,0.5079481895790403
103,VisualCogA_Task-1,record,1,0.5066860465116279
103,VisualCogA_Task-2,record,2,0.49172642029784885
103,VisualCogB_Task-1,record,1,0.4003322259136213
103,VisualCogB_Task-2,record,2,0.5186615186615187
104,all,all,0,0.5138076673164392
104,task1,task,1,0.48228206945428775
104,task2,task,2,0.5459228731233441
104,VisualCogA_Task-1,record,1,0.43691860465116283
104,VisualCogA_Task-2,record,2,0.5220628792057364
104,VisualCogB_Task-1,record,1,0.5301771871539314
104,VisualCogB_Task-2,record,2,0.5678893178893178
105,all,all,0,0.4636127355425601
105,task1,task,1,0.42331679659815735
105,task2,task,2,0.5041948778333823
105,VisualCogA_Task-1,record,1,0.3994186046511628
105,VisualCogA_Task-2,record,2,0.47821290678433537
105,VisualCogB_Task-1,record,1,0.44629014396456257
105,VisualCogB_Task-2,record,2,0.5106177606177607
106,all,all,0,0.4689733593242365
106,task1,task,1,0.5063784549964564
106,task2,task,2,0.43030615248748894
106,VisualCogA_Task-1,record,1,0.5200581395348837
106,VisualCogA_Task-2,record,2,0.4407060121345836
106,VisualCogB_Task-1,record,1,0.4939091915836102
106,VisualCogB_Task-2,record,2,0.416988416988417
107,all,all,0,0.4363222871994802
107,task1,task,1,0.4167257264351524
107,task2,task,2,0.45716808949072707
107,VisualCogA_Task-1,record,1,0.39767441860465114
107,VisualCogA_Task-2,record,2,0.4743519029233315
107,VisualCogB_Task-1,record,1,0.4352159468438538
107,VisualCogB_Task-2,record,2,0.4391891891891892
108,all,all,0,0.5410981156595192
108,task1,task,1,0.6077958894401134
108,task2,task,2,0.4720341477774507
108,VisualCogA_Task-1,record,1,0.6308139534883721
108,VisualCogA_Task-2,record,2,0.4509100937672367
108,VisualCogB_Task-1,record,1,0.5883167220376523
108,VisualCogB_Task-2,record,2,0.4948519948519948
109,all,all,0,0.4857050032488629
109,task1,task,1,0.49390503189227497
109,task2,task,2,0.47681778039446576
109,VisualCogA_Task-1,record,1,0.4308139534883721
109,VisualCogA_Task-2,record,2,0.4578047435190292
109,VisualCogB_Task-1,record,1,0.5523255813953488
109,VisualCogB_Task-2,record,2,0.49646074646074645
110,all,all,0,0.4985380116959064
110,task1,task,1,0.4700921332388377
110,task2,task,2,0.5279658522225493
110,VisualCogA_Task-1,record,1,0.5093023255813953
110,VisualCogA_Task-2,record,2,0.5457804743519029
110,VisualCogB_Task-1,record,1,0.43660022148394245
110,VisualCogB_Task-2,record,2,0.5035392535392536
111,all,all,0,0.46604938271604934
111,task1,task,1,0.46435152374202693
111,task2,task,2,0.46828083603179277
111,VisualCogA_Task-1,record,1,0.4476744186046512
111,VisualCogA_Task-2,record,2,0.460838389409818
111,VisualCogB_Task-1,record,1,0.48283499446290146
111,VisualCogB_Task-2,record,2,0.4797297297297297
112,all,all,0,0.5058479532163742
112,task1,task,1,0.53706591070163
112,task2,task,2,0.4720341477774507
112,VisualCogA_Task-1,record,1,0.6200581395348838
112,VisualCogA_Task-2,record,2,0.4100937672366244
112,VisualCogB_Task-1,record,1,0.4579180509413067
112,VisualCogB_Task-2,record,2,0.5489060489060489
113,all,all,0,0.5258284600389864
113,task1,task,1,0.488731396172927
113,task2,task,2,0.5623344127171033
113,VisualCogA_Task-1,record,1,0.4924418604651163
113,VisualCogA_Task-2,record,2,0.5730832873690017
113,VisualCogB_Task-1,record,1,0.48062015503875966
113,VisualCogB_Task-2,record,2,0.5440797940797941
114,all,all,0,0.4502923976608187
114,task1,task,1,0.5185683912119065
114,task2,task,2,0.3786429202237268
114,VisualCogA_Task-1,record,1,0.46017441860465114
114,VisualCogA_Task-2,record,2,0.46138996138996136
114,VisualCogB_Task-1,record,1,0.575858250276855
114,VisualCogB_Task-2,record,2,0.2796010296010296
115,all,all,0,0.5258284600389864
115,task1,task,1,0.5479801559177888
115,task2,task,2,0.5026493965263468
115,VisualCogA_Task-1,record,1,0.5075581395348837
115,VisualCogA_Task-2,record,2,0.47131825703254276
115,VisualCogB_Task-1,record,1,0.5880398671096345
115,VisualCogB_Task-2,record,2,0.5305662805662805
116,all,all,0,0.521117608836907
116,task1,task,1,0.517859673990078
116,task2,task,2,0.5262731822196055
116,VisualCogA_Task-1,record,1,0.5075581395348837
116,VisualCogA_Task-2,record,2,0.5217870932156646
116,VisualCogB_Task-1,record,1,0.5299003322259136
116,VisualCogB_Task-2,record,2,0.5209137709137709
117,all,all,0,0.5138076673164392
117,task1,task,1,0.4825655563430191
117,task2,task,2,0.544892552251987
117,VisualCogA_Task-1,record,1,0.5450581395348837
117,VisualCogA_Task-2,record,2,0.49172642029784885
117,VisualCogB_Task-1,record,1,0.42358803986710963
117,VisualCogB_Task-2,record,2,0.5933075933075933
118,all,all,0,0.5198180636777128
118,task1,task,1,0.5066619418851879
118,task2,task,2,0.5317191639682073
118,VisualCogA_Task-1,record,1,0.5334302325581395
118,VisualCogA_Task-2,record,2,0.5526751241036956
118,VisualCogB_Task-1,record,1,0.48200442967884827
118,VisualCogB_Task-2,record,2,0.5083655083655083
119,all,all,0,0.4991877842755036
119,task1,task,1,0.48270729978738486
119,task2,task,2,0.5153076243744481
119,VisualCogA_Task-1,record,1,0.5450581395348837
119,VisualCogA_Task-2,record,2,0.5932156646442361
119,VisualCogB_Task-1,record,1,0.4233111849390919
119,VisualCogB_Task-2,record,2,0.4288931788931789
120,all,all,0,0.46377517868745943
120,task1,task,1,0.4357902197023388
120,task2,task,2,0.49050632911392406
120,VisualCogA_Task-1,record,1,0.4386627906976744
120,VisualCogA_Task-2,record,2,0.5592939878654164
120,VisualCogB_Task-1,record,1,0.4343853820598007
120,VisualCogB_Task-2,record,2,0.4185971685971686
121,all,all,0,0.43778427550357374
121,task1,task,1,0.4518781006378455
121,task2,task,2,0.4239770385634383
121,VisualCogA_Task-1,record,1,0.4183139534883721
121,VisualCogA_Task-2,record,2,0.3863761720904578
121,VisualCogB_Task-1,record,1,0.482281284606866
121,VisualCogB_Task-2,record,2,0.471042471042471
122,all,all,0,0.460688758934373
122,task1,task,1,0.45861091424521616
122,task2,task,2,0.46349720341477774
122,VisualCogA_Task-1,record,1,0.4584302325581395
122,VisualCogA_Task-2,record,2,0.4473248758963045
122,VisualCogB_Task-1,record,1,0.4584717607973422
122,VisualCogB_Task-2,record,2,0.4749034749034749
123,all,all,0,0.48066926575698504
123,task1,task,1,0.5003543586109143
123,task2,task,2,0.45989108036502796
123,VisualCogA_Task-1,record,1,0.5218023255813954
123,VisualCogA_Task-2,record,2,0.46442360728075016
123,VisualCogB_Task-1,record,1,0.48283499446290146
123,VisualCogB_Task-2,record,2,0.4575289575289575
124,all,all,0,0.4951267056530214
124,task1,task,1,0.4108433734939759
124,task2,task,2,0.5802914336178981
124,VisualCogA_Task-1,record,1,0.44593023255813957
124,VisualCogA_Task-2,record,2,0.5730832873690017
124,VisualCogB_Task-1,record,1,0.37624584717607973
124,VisualCogB_Task-2,record,2,0.583011583011583
125,all,all,0,0.5095841455490578
125,task1,task,1,0.48143160878809355
125,task2,task,2,0.5390785987636149
125,VisualCogA_Task-1,record,1,0.4933139534883721
125,VisualCogA_Task-2,record,2,0.5490899062327634
125,VisualCogB_Task-1,record,1,0.4717607973421927
125,VisualCogB_Task-2,record,2,0.5337837837837838
126,all,all,0,0.5279402209226771
126,task1,task,1,0.5538625088589653
126,task2,task,2,0.5000735943479541
126,VisualCogA_Task-1,record,1,0.4906976744186047
126,VisualCogA_Task-2,record,2,0.48841698841698844
126,VisualCogB_Task-1,record,1,0.6101882613510521
126,VisualCogB_Task-2,record,2,0.5099742599742599
127,all,all,0,0.5384990253411306
127,task1,task,1,0.4894401133947555
127,task2,task,2,0.5861053871062702
127,VisualCogA_Task-1,record,1,0.42616279069767443
127,VisualCogA_Task-2,record,2,0.5730832873690017
127,VisualCogB_Task-1,record,1,0.5517718715393134
127,VisualCogB_Task-2,record,2,0.5965250965250966
128,all,all,0,0.5229044834307992
128,task1,task,1,0.5705173635719348
128,task2,task,2,0.4771857521342361
128,VisualCogA_Task-1,record,1,0.5656976744186046
128,VisualCogA_Task-2,record,2,0.5353006067291781
128,VisualCogB_Task-1,record,1,0.5780730897009967
128,VisualCogB_Task-2,record,2,0.408944658944659
129,all,all,0,0.4983755685510071
129,task1,task,1,0.5063784549964564
129,task2,task,2,0.4889608478068884
129,VisualCogA_Task-1,record,1,0.46656976744186046
129,VisualCogA_Task-2,record,2,0.5256480970766685
129,VisualCogB_Task-1,record,1,0.539313399778516
129,VisualCogB_Task-2,record,2,0.444015444015444
130,all,all,0,0.46881091617933723
130,task1,task,1,0.4825655563430191
130,task2,task,2,0.45407712687665586
130,VisualCogA_Task-1,record,1,0.5066860465116279
130,VisualCogA_Task-2,record,2,0.4103695532266961
130,VisualCogB_Task-1,record,1,0.4581949058693245
130,VisualCogB_Task-2,record,2,0.4916344916344917
131,all,all,0,0.5212800519818064
131,task1,task,1,0.49936215450035437
131,task2,task,2,0.5438622313806301
131,VisualCogA_Task-1,record,1,0.5156976744186047
131,VisualCogA_Task-2,record,2,0.5016547159404302
131,VisualCogB_Task-1,record,1,0.48283499446290146
131,VisualCogB_Task-2,record,2,0.6013513513513513
132,all,all,0,0.452729044834308
132,task1,task,1,0.49390503189227497
132,task2,task,2,0.41028848984398
132,VisualCogA_Task-1,record,1,0.4976744186046511
132,VisualCogA_Task-2,record,2,0.40044125758411475
132,VisualCogB_Task-1,record,1,0.4955703211517165
132,VisualCogB_Task-2,record,2,0.4018661518661519
133,all,all,0,0.5151072124756335
133,task1,task,1,0.5310418143160879
133,task2,task,2,0.49735060347365323
133,VisualCogA_Task-1,record,1,0.4877906976744186
133,VisualCogA_Task-2,record,2,0.4611141753998897
133,VisualCogB_Task-1,record,1,0.575858250276855
133,VisualCogB_Task-2,record,2,0.528957528957529
134,all,all,0,0.5152696556205328
134,task1,task,1,0.52487597448618
134,task2,task,2,0.5047100382690609
134,VisualCogA_Task-1,record,1,0.498546511627907
134,VisualCogA_Task-2,record,2,0.5557087699944843
134,VisualCogB_Task-1,record,1,0.5523255813953488
134,VisualCogB_Task-2,record,2,0.4543114543114543
135,all,all,0,0.5121832358674464
135,task1,task,1,0.47682494684620835
135,task2,task,2,0.5484986753017368
135,VisualCogA_Task-1,record,1,0.4941860465116279
135,VisualCogA_Task-2,record,2,0.5421952564809708
135,VisualCogB_Task-1,record,1,0.457641196013289
135,VisualCogB_Task-2,record,2,0.5511583011583012
136,all,all,0,0.5350877192982456
136,task1,task,1,0.5486888731396172
136,task2,task,2,0.519060936120106
136,VisualCogA_Task-1,record,1,0.5941860465116279
136,VisualCogA_Task-2,record,2,0.5595697738554881
136,VisualCogB_Task-1,record,1,0.5049833887043189
136,VisualCogB_Task-2,record,2,0.4694337194337195
137,all,all,0,0.43729694606887587
137,task1,task,1,0.4099929128277817
137,task2,task,2,0.4657050338534
137,VisualCogA_Task-1,record,1,0.31017441860465117
137,VisualCogA_Task-2,record,2,0.39327082184225043
137,VisualCogB_Task-1,record,1,0.5063676633444075
137,VisualCogB_Task-2,record,2,0.5472972972972974
138,all,all,0,0.5290773229369721
138,task1,task,1,0.5240255138199859
138,task2,task,2,0.5342949661465999
138,VisualCogA_Task-1,record,1,0.5174418604651163
138,VisualCogA_Task-2,record,2,0.5965250965250966
138,VisualCogB_Task-1,record,1,0.5287929125138427
138,VisualCogB_Task-2,record,2,0.46621621621621623
139,all,all,0,0.5516569200779727
139,task1,task,1,0.5723600283486889
139,task2,task,2,0.530541654400942
139,VisualCogA_Task-1,record,1,0.5950581395348837
139,VisualCogA_Task-2,record,2,0.5932156646442361
139,VisualCogB_Task-1,record,1,0.5526024363233666
139,VisualCogB_Task-2,record,2,0.4446589446589447
140,all,all,0,0.5030864197530864
140,task1,task,1,0.4656272147413182
140,task2,task,2,0.5395937591992934
140,VisualCogA_Task-1,record,1,0.42616279069767443
140,VisualCogA_Task-2,record,2,0.5761169332597904
140,VisualCogB_Task-1,record,1,0.5047065337763013
140,VisualCogB_Task-2,record,2,0.5083655083655083
141,all,all,0,0.4811565951916829
141,task1,task,1,0.5068036853295534
141,task2,task,2,0.45356196644097735
141,VisualCogA_Task-1,record,1,0.47354651162790695
141,VisualCogA_Task-2,record,2,0.4611141753998897
141,VisualCogB_Task-1,record,1,0.5406976744186047
141,VisualCogB_Task-2,record,2,0.444015444015444
142,all,all,0,0.43859649122807015
142,task1,task,1,0.4287739192062367
142,task2,task,2,0.44826317338828375
142,VisualCogA_Task-1,record,1,0.32703488372093026
142,VisualCogA_Task-2,record,2,0.48841698841698844
142,VisualCogB_Task-1,record,1,0.5296234772978959
142,VisualCogB_Task-2,record,2,0.3867438867438867
143,all,all,0,0.5311890838206628
143,task1,task,1,0.5531537916371367
143,task2,task,2,0.509493670886076
143,VisualCogA_Task-1,record,1,0.4906976744186047
143,VisualCogA_Task-2,record,2,0.49476006618863766
143,VisualCogB_Task-1,record,1,0.6115725359911406
143,VisualCogB_Task-2,record,2,0.5337837837837838
144,all,all,0,0.43973359324236516
144,task1,task,1,0.4690999291282778
144,task2,task,2,0.41080365027965854
144,VisualCogA_Task-1,record,1,0.4941860465116279
144,VisualCogA_Task-2,record,2,0.3935466078323221
144,VisualCogB_Task-1,record,1,0.4493355481727575
144,VisualCogB_Task-2,record,2,0.4153796653796654
145,all,all,0,0.5017868745938922
145,task1,task,1,0.5119773210489015
145,task2,task,2,0.4915366499852811
145,VisualCogA_Task-1,record,1,0.4906976744186047
145,VisualCogA_Task-2,record,2,0.444015444015444
145,VisualCogB_Task-1,record,1,0.5282392026578073
145,VisualCogB_Task-2,record,2,0.5440797940797941
146,all,all,0,0.4702729044834308
146,task1,task,1,0.44039688164422397
146,task2,task,2,0.49955843391227556
146,VisualCogA_Task-1,record,1,0.4127906976744186
146,VisualCogA_Task-2,record,2,0.5118587975730833
146,VisualCogB_Task-1,record,1,0.4717607973421927
146,VisualCogB_Task-2,record,2,0.5045045045045045
147,all,all,0,0.5334632878492527
147,task1,task,1,0.5708008504606662
147,task2,task,2,0.49580512216661765
147,VisualCogA_Task-1,record,1,0.5139534883720931
147,VisualCogA_Task-2,record,2,0.5223386651958081
147,VisualCogB_Task-1,record,1,0.6234772978959026
147,VisualCogB_Task-2,record,2,0.45270270270270274
148,all,all,0,0.5622157244964263
148,task1,task,1,0.5720765414599576
148,task2,task,2,0.5512216661760376
148,VisualCogA_Task-1,record,1,0.5933139534883721
148,VisualCogA_Task-2,record,2,0.5661886376172091
148,VisualCogB_Task-1,record,1,0.5526024363233666
148,VisualCogB_Task-2,record,2,0.5305662805662805
149,all,all,0,0.45321637426900585
149,task1,task,1,0.469950389794472
149,task2,task,2,0.4366352664115396
149,VisualCogA_Task-1,record,1,0.4584302325581395
149,VisualCogA_Task-2,record,2,0.36265857694429127
149,VisualCogB_Task-1,record,1,0.4831118493909192
149,VisualCogB_Task-2,record,2,0.5202702702702703
150,all,all,0,0.5497076023391814
150,task1,task,1,0.536640680368533
150,task2,task,2,0.5607889314100677
150,VisualCogA_Task-1,record,1,0.6290697674418604
150,VisualCogA_Task-2,record,2,0.6478212906784335
150,VisualCogB_Task-1,record,1,0.4460132890365448
150,VisualCogB_Task-2,record,2,0.45592020592020593
151,all,all,0,0.4922027290448343
151,task1,task,1,0.46966690290574065
151,task2,task,2,0.5163379452458051
151,VisualCogA_Task-1,record,1,0.49593023255813956
151,VisualCogA_Task-2,record,2,0.49476006618863766
151,VisualCogB_Task-1,record,1,0.448781838316722
151,VisualCogB_Task-2,record,2,0.5440797940797941
152,all,all,0,0.5229044834307992
152,task1,task,1,0.4825655563430191
152,task2,task,2,0.5633647335884604
152,VisualCogA_Task-1,record,1,0.5049418604651162
152,VisualCogA_Task-2,record,2,0.5457804743519029
152,VisualCogB_Task-1,record,1,0.457641196013289
152,VisualCogB_Task-2,record,2,0.583011583011583
153,all,all,0,0.4793697205977908
153,task1,task,1,0.48703047484053863
153,task2,task,2,0.4730644686488078
153,VisualCogA_Task-1,record,1,0.5148255813953488
153,VisualCogA_Task-2,record,2,0.416988416988417
153,VisualCogB_Task-1,record,1,0.4598560354374308
153,VisualCogB_Task-2,record,2,0.5305662805662805
154,all,all,0,0.47742040285899934
154,task1,task,1,0.4819985825655564
154,task2,task,2,0.4730644686488078
154,VisualCogA_Task-1,record,1,0.5031976744186046
154,VisualCogA_Task-2,record,2,0.444015444015444
154,VisualCogB_Task-1,record,1,0.4581949058693245
154,VisualCogB_Task-2,record,2,0.5067567567567568
155,all,all,0,0.5076348278102665
155,task1,task,1,0.4875974486180014
155,task2,task,2,0.5295113335295849
155,VisualCogA_Task-1,record,1,0.5148255813953488
155,VisualCogA_Task-2,record,2,0.5523993381136239
155,VisualCogB_Task-1,record,1,0.4587486157253599
155,VisualCogB_Task-2,record,2,0.5019305019305019
156,all,all,0,0.5089343729694606
156,task1,task,1,0.5108433734939759
156,task2,task,2,0.5079481895790403
156,VisualCogA_Task-1,record,1,0.4683139534883721
156,VisualCogA_Task-2,record,2,0.5019305019305019
156,VisualCogB_Task-1,record,1,0.5545404208194906
156,VisualCogB_Task-2,record,2,0.5051480051480052
157,all,all,0,0.49041585445094216
157,task1,task,1,0.5245924875974486
157,task2,task,2,0.45459228731233436
157,VisualCogA_Task-1,record,1,0.436046511627907
157,VisualCogA_Task-2,record,2,0.40678433535576397
157,VisualCogB_Task-1,record,1,0.6110188261351053
157,VisualCogB_Task-2,record,2,0.5067567567567568
158,all,all,0,0.5242040285899935
158,task1,task,1,0.5171509567682494
158,task2,task,2,0.5317191639682073
158,VisualCogA_Task-1,record,1,0.5023255813953489
158,VisualCogA_Task-2,record,2,0.49172642029784885
158,VisualCogB_Task-1,record,1,0.5296234772978959
158,VisualCogB_Task-2,record,2,0.5711068211068211
159,all,all,0,0.5401234567901234
159,task1,task,1,0.5119773210489015
159,task2,task,2,0.5681483662054754
159,VisualCogA_Task-1,record,1,0.4299418604651163
159,VisualCogA_Task-2,record,2,0.48510755653612797
159,VisualCogB_Task-1,record,1,0.5869324473975637
159,VisualCogB_Task-2,record,2,0.6441441441441441
160,all,all,0,0.5139701104613386
160,task1,task,1,0.5359319631467045
160,task2,task,2,0.4915366499852811
160,VisualCogA_Task-1,record,1,0.46017441860465114
160,VisualCogA_Task-2,record,2,0.47793712079426365
160,VisualCogB_Task-1,record,1,0.6121262458471761
160,VisualCogB_Task-2,record,2,0.5051480051480052
161,all,all,0,0.5294022092267706
161,task1,task,1,0.5307583274273565
161,task2,task,2,0.5264203709155137
161,VisualCogA_Task-1,record,1,0.5915697674418605
161,VisualCogA_Task-2,record,2,0.5932156646442361
161,VisualCogB_Task-1,record,1,0.46899224806201545
161,VisualCogB_Task-2,record,2,0.4575289575289575
162,all,all,0,0.6135477582846004
162,task1,task,1,0.5656272147413182
162,task2,task,2,0.6630850750662349
162,VisualCogA_Task-1,record,1,0.6389534883720931
162,VisualCogA_Task-2,record,2,0.6676778819635962
162,VisualCogB_Task-1,record,1,0.4939091915836102
162,VisualCogB_Task-2,record,2,0.6528314028314028
163,all,all,0,0.5157569850552307
163,task1,task,1,0.5175761871013466
163,task2,task,2,0.5137621430674124
163,VisualCogA_Task-1,record,1,0.49156976744186043
163,VisualCogA_Task-2,record,2,0.5325427468284611
163,VisualCogB_Task-1,record,1,0.5409745293466224
163,VisualCogB_Task-2,record,2,0.47812097812097815
164,all,all,0,0.45890188434048085
164,task1,task,1,0.47639971651311125
164,task2,task,2,0.439873417721519
164,VisualCogA_Task-1,record,1,0.4468023255813953
164,VisualCogA_Task-2,record,2,0.41064533921676777
164,VisualCogB_Task-1,record,1,0.5058139534883721
164,VisualCogB_Task-2,record,2,0.4543114543114543
165,all,all,0,0.5120207927225471
165,task1,task,1,0.4936215450035436
165,task2,task,2,0.5301736826611716
165,VisualCogA_Task-1,record,1,0.4531976744186047
165,VisualCogA_Task-2,record,2,0.4950358521787094
165,VisualCogB_Task-1,record,1,0.5287929125138427
165,VisualCogB_Task-2,record,2,0.5775418275418276
166,all,all,0,0.4686484730344379
166,task1,task,1,0.46364280652019846
166,task2,task,2,0.4756402708272005
166,VisualCogA_Task-1,record,1,0.5755813953488372
166,VisualCogA_Task-2,record,2,0.5353006067291781
166,VisualCogB_Task-1,record,1,0.3532668881506091
166,VisualCogB_Task-2,record,2,0.4137709137709138
167,all,all,0,0.5048732943469785
167,task1,task,1,0.49418851878100634
167,task2,task,2,0.5158227848101266
167,VisualCogA_Task-1,record,1,0.47093023255813954
167,VisualCogA_Task-2,record,2,0.5932156646442361
167,VisualCogB_Task-1,record,1,0.517718715393134
167,VisualCogB_Task-2,record,2,0.4272844272844273
168,all,all,0,0.4384340480831709
168,task1,task,1,0.48887313961729273
168,task2,task,2,0.3849720341477775
168,VisualCogA_Task-1,record,1,0.43255813953488376
168,VisualCogA_Task-2,record,2,0.35962493105350246
168,VisualCogB_Task-1,record,1,0.539313399778516
168,VisualCogB_Task-2,record,2,0.4083011583011583
169,all,all,0,0.5396361273554255
169,task1,task,1,0.4937632884479093
169,task2,task,2,0.5861053871062702
169,VisualCogA_Task-1,record,1,0.5808139534883721
169,VisualCogA_Task-2,record,2,0.5797021511307225
169,VisualCogB_Task-1,record,1,0.4130675526024363
169,VisualCogB_Task-2,record,2,0.5997425997425998
170,all,all,0,0.5172189733593242
170,task1,task,1,0.5124025513819985
170,task2,task,2,0.5216367382984987
170,VisualCogA_Task-1,record,1,0.49505813953488376
170,VisualCogA_Task-2,record,2,0.4983452840595698
170,VisualCogB_Task-1,record,1,0.5287929125138427
170,VisualCogB_Task-2,record,2,0.5424710424710424
171,all,all,0,0.5009746588693957
171,task1,task,1,0.5062367115520907
171,task2,task,2,0.49425964085958196
171,VisualCogA_Task-1,record,1,0.5575581395348838
171,VisualCogA_Task-2,record,2,0.5322669608383894
171,VisualCogB_Task-1,record,1,0.4593023255813954
171,VisualCogB_Task-2,record,2,0.4623552123552124
172,all,all,0,0.5599415204678362
172,task1,task,1,0.5469879518072289
172,task2,task,2,0.5729319988224905
172,VisualCogA_Task-1,record,1,0.6005813953488373
172,VisualCogA_Task-2,record,2,0.6577495863210149
172,VisualCogB_Task-1,record,1,0.4947397563676634
172,VisualCogB_Task-2,record,2,0.48616473616473616
173,all,all,0,0.4676738141650422
173,task1,task,1,0.42849043231750533
173,task2,task,2,0.5069178687076832
173,VisualCogA_Task-1,record,1,0.5058139534883721
173,VisualCogA_Task-2,record,2,0.4274682846111418
173,VisualCogB_Task-1,record,1,0.35299003322259137
173,VisualCogB_Task-2,record,2,0.583011583011583
174,all,all,0,0.4762833008447044
174,task1,task,1,0.3985116938341602
174,task2,task,2,0.5549749779216956
174,VisualCogA_Task-1,record,1,0.4191860465116279
174,VisualCogA_Task-2,record,2,0.5256480970766685
174,VisualCogB_Task-1,record,1,0.37624584717607973
174,VisualCogB_Task-2,record,2,0.5862290862290862
175,all,all,0,0.4800194931773879
175,task1,task,1,0.5180014174344436
175,task2,task,2,0.4403885781571975
175,VisualCogA_Task-1,record,1,0.4683139534883721
175,VisualCogA_Task-2,record,2,0.34252619966905684
175,VisualCogB_Task-1,record,1,0.563953488372093
175,VisualCogB_Task-2,record,2,0.5489060489060489
176,all,all,0,0.5409356725146199
176,task1,task,1,0.5476966690290574
176,task2,task,2,0.5342949661465999
176,VisualCogA_Task-1,record,1,0.5459302325581395
176,VisualCogA_Task-2,record,2,0.5220628792057364
176,VisualCogB_Task-1,record,1,0.5539867109634552
176,VisualCogB_Task-2,record,2,0.5408622908622909
177,all,all,0,0.46539961013645226
177,task1,task,1,0.4702338766832034
177,task2,task,2,0.46040624080070647
177,VisualCogA_Task-1,record,1,0.4825581395348837
177,VisualCogA_Task-2,record,2,0.5490899062327634
177,VisualCogB_Task-1,record,1,0.4590254706533776
177,VisualCogB_Task-2,record,2,0.36776061776061775
178,all,all,0,0.5371994801819363
178,task1,task,1,0.5116938341601701
178,task2,task,2,0.5633647335884604
178,VisualCogA_Task-1,record,1,0.5915697674418605
178,VisualCogA_Task-2,record,2,0.5085493656922229
178,VisualCogB_Task-1,record,1,0.436046511627907
178,VisualCogB_Task-2,record,2,0.6203346203346203
179,all,all,0,0.4821312540610786
179,task1,task,1,0.48858965272856136
179,task2,task,2,0.47615543126287896
179,VisualCogA_Task-1,record,1,0.5174418604651163
179,VisualCogA_Task-2,record,2,0.45394373965802537
179,VisualCogB_Task-1,record,1,0.457641196013289
179,VisualCogB_Task-2,record,2,0.5019305019305019
180,all,all,0,0.5316764132553606
180,task1,task,1,0.5416725726435152
180,task2,task,2,0.5216367382984987
180,VisualCogA_Task-1,record,1,0.5273255813953488
180,VisualCogA_Task-2,record,2,0.5388858246001103
180,VisualCogB_Task-1,record,1,0.552048726467331
180,VisualCogB_Task-2,record,2,0.5067567567567568
181,all,all,0,0.48960363872644574
181,task1,task,1,0.5171509567682494
181,task2,task,2,0.46349720341477774
181,VisualCogA_Task-1,record,1,0.5523255813953488
181,VisualCogA_Task-2,record,2,0.49145063430777713
181,VisualCogB_Task-1,record,1,0.4831118493909192
181,VisualCogB_Task-2,record,2,0.4224581724581725
182,all,all,0,0.5017868745938922
182,task1,task,1,0.5068036853295534
182,task2,task,2,0.4947748012952605
182,VisualCogA_Task-1,record,1,0.5433139534883721
182,VisualCogA_Task-2,record,2,0.47821290678433537
182,VisualCogB_Task-1,record,1,0.4692691029900332
182,VisualCogB_Task-2,record,2,0.5083655083655083
183,all,all,0,0.4922027290448343
183,task1,task,1,0.45776045357902195
183,task2,task,2,0.5284810126582278
183,VisualCogA_Task-1,record,1,0.5281976744186047
183,VisualCogA_Task-2,record,2,0.5965250965250966
183,VisualCogB_Task-1,record,1,0.38870431893687707
183,VisualCogB_Task-2,record,2,0.45270270270270274
184,all,all,0,0.537037037037037
184,task1,task,1,0.4997873848334515
184,task2,task,2,0.5749926405652046
184,VisualCogA_Task-1,record,1,0.5183139534883721
184,VisualCogA_Task-2,record,2,0.5253723110865969
184,VisualCogB_Task-1,record,1,0.48283499446290146
184,VisualCogB_Task-2,record,2,0.6370656370656371
185,all,all,0,0.49252761533463285
185,task1,task,1,0.5303330970942594
185,task2,task,2,0.4525316455696202
185,VisualCogA_Task-1,record,1,0.5816860465116279
185,VisualCogA_Task-2,record,2,0.5358521787093216
185,VisualCogB_Task-1,record,1,0.482281284606866
185,VisualCogB_Task-2,record,2,0.35424710424710426
186,all,all,0,0.5238791423001949
186,task1,task,1,0.4755492558469171
186,task2,task,2,0.5729319988224905
186,VisualCogA_Task-1,record,1,0.5040697674418605
186,VisualCogA_Task-2,record,2,0.5733590733590734
186,VisualCogB_Task-1,record,1,0.4476744186046512
186,VisualCogB_Task-2,record,2,0.555984555984556
187,all,all,0,0.47742040285899934
187,task1,task,1,0.44585400425230337
187,task2,task,2,0.5110391521931116
187,VisualCogA_Task-1,record,1,0.3950581395348837
187,VisualCogA_Task-2,record,2,0.5049641478212907
187,VisualCogB_Task-1,record,1,0.49446290143964566
187,VisualCogB_Task-2,record,2,0.5154440154440154
188,all,all,0,0.513157894736842
188,task1,task,1,0.48214032600992207
188,task2,task,2,0.5443773918163085
188,VisualCogA_Task-1,record,1,0.49593023255813956
188,VisualCogA_Task-2,record,2,0.5223386651958081
188,VisualCogB_Task-1,record,1,0.47120708748615725
188,VisualCogB_Task-2,record,2,0.5543758043758044
189,all,all,0,0.4736842105263158
189,task1,task,1,0.42388377037562014
189,task2,task,2,0.5236973800412128
189,VisualCogA_Task-1,record,1,0.32877906976744187
189,VisualCogA_Task-2,record,2,0.48124655267512406
189,VisualCogB_Task-1,record,1,0.5163344407530455
189,VisualCogB_Task-2,record,2,0.5646718146718147
190,all,all,0,0.45825211176088365
190,task1,task,1,0.46591070163004966
190,task2,task,2,0.44826317338828375
190,VisualCogA_Task-1,record,1,0.4636627906976744
190,VisualCogA_Task-2,record,2,0.5322669608383894
190,VisualCogB_Task-1,record,1,0.4692691029900332
190,VisualCogB_Task-2,record,2,0.35263835263835264
191,all,all,0,0.4489928525016244
191,task1,task,1,0.42189936215450036
191,task2,task,2,0.47681778039446576
191,VisualCogA_Task-1,record,1,0.311046511627907
191,VisualCogA_Task-2,record,2,0.5355763927192498
191,VisualCogB_Task-1,record,1,0.5301771871539314
191,VisualCogB_Task-2,record,2,0.42342342342342343
192,all,all,0,0.5553931124106563
192,task1,task,1,0.6007795889440113
192,task2,task,2,0.5100088313217545
192,VisualCogA_Task-1,record,1,0.6031976744186047
192,VisualCogA_Task-2,record,2,0.47821290678433537
192,VisualCogB_Task-1,record,1,0.6010520487264673
192,VisualCogB_Task-2,record,2,0.5241312741312741
193,all,all,0,0.5021117608836907
193,task1,task,1,0.428632175761871
193,task2,task,2,0.5775684427435972
193,VisualCogA_Task-1,record,1,0.41017441860465115
193,VisualCogA_Task-2,record,2,0.5523993381136239
193,VisualCogB_Task-1,record,1,0.44712070874861576
193,VisualCogB_Task-2,record,2,0.6052123552123552
194,all,all,0,0.48310591293047433
194,task1,task,1,0.4402551381998583
194,task2,task,2,0.5269355313511922
194,VisualCogA_Task-1,record,1,0.48343023255813955
194,VisualCogA_Task-2,record,2,0.4407060121345836
194,VisualCogB_Task-1,record,1,0.4008859357696567
194,VisualCogB_Task-2,record,2,0.621943371943372
195,all,all,0,0.4811565951916829
195,task1,task,1,0.4881644223954642
195,task2,task,2,0.4746099499558434
195,VisualCogA_Task-1,record,1,0.5174418604651163
195,VisualCogA_Task-2,record,2,0.5353006067291781
195,VisualCogB_Task-1,record,1,0.4584717607973422
195,VisualCogB_Task-2,record,2,0.416988416988417
196,all,all,0,0.5229044834307992
196,task1,task,1,0.48844790928419557
196,task2,task,2,0.5575507801000883
196,VisualCogA_Task-1,record,1,0.49505813953488376
196,VisualCogA_Task-2,record,2,0.5019305019305019
196,VisualCogB_Task-1,record,1,0.48200442967884827
196,VisualCogB_Task-2,record,2,0.6036036036036037
197,all,all,0,0.5055230669265757
197,task1,task,1,0.495322466335932
197,task2,task,2,0.5137621430674124
197,VisualCogA_Task-1,record,1,0.436046511627907
197,VisualCogA_Task-2,record,2,0.5016547159404302
197,VisualCogB_Task-1,record,1,0.551218161683278
197,VisualCogB_Task-2,record,2,0.537001287001287
198,all,all,0,0.4910656270305393
198,task1,task,1,0.47682494684620835
198,task2,task,2,0.505740359140418
198,VisualCogA_Task-1,record,1,0.5156976744186047
198,VisualCogA_Task-2,record,2,0.5286817429674573
198,VisualCogB_Task-1,record,1,0.43327796234772975
198,VisualCogB_Task-2,record,2,0.4749034749034749
199,all,all,0,0.49171539961013644
199,task1,task,1,0.46378454996456414
199,task2,task,2,0.5206064174271416
199,VisualCogA_Task-1,record,1,0.3950581395348837
199,VisualCogA_Task-2,record,2,0.48841698841698844
199,VisualCogB_Task-1,record,1,0.5296234772978959
199,VisualCogB_Task-2,record,2,0.5408622908622909
