record,task,trial,fold,variant,truth,prediction,right_probability
VisualCogA_Task-1,1,1,0,main,-1,-1,0.4720181559127434
VisualCogA_Task-1,1,4,0,main,-1,-1,0.47040265790306607
VisualCogA_Task-1,1,5,0,main,1,-1,0.4856618271898039
VisualCogA_Task-1,1,6,0,main,-1,1,0.5405368041925879
VisualCogA_Task-1,1,7,0,main,-1,1,0.5145278209052934
VisualCogA_Task-1,1,8,0,main,-1,-1,0.4990164425661462
VisualCogA_Task-1,1,9,0,main,1,1,0.5205482458463377
VisualCogA_Task-1,1,10,0,main,1,1,0.5033454791132719
VisualCogA_Task-1,1,11,0,main,1,-1,0.4804848486852143
VisualCogA_Task-1,1,12,0,main,1,1,0.5025242979716311
VisualCogA_Task-1,1,13,0,main,-1,-1,0.4999575375444157
VisualCogA_Task-1,1,16,0,main,-1,1,0.51442525241785
VisualCogA_Task-1,1,17,0,main,1,1,0.5182077691680674
VisualCogA_Task-1,1,18,0,main,-1,-1,0.49835405840868663
VisualCogA_Task-1,1,19,0,main,-1,1,0.5371268990670055
VisualCogB_Task-1,1,1,0,main,-1,-1,0.486807471639688
VisualCogB_Task-1,1,2,0,main,-1,-1,0.4861075550250838
VisualCogB_Task-1,1,3,0,main,1,1,0.5172005362504949
VisualCogB_Task-1,1,4,0,main,-1,-1,0.47614931952428025
VisualCogB_Task-1,1,5,0,main,1,-1,0.4461186623357871
VisualCogB_Task-1,1,7,0,main,1,1,0.5125463008727632
VisualCogB_Task-1,1,8,0,main,-1,1,0.5430259595388391
VisualCogB_Task-1,1,9,0,main,-1,1,0.5190092320924043
VisualCogB_Task-1,1,10,0,main,-1,1,0.515610791704697
VisualCogB_Task-1,1,11,0,main,1,-1,0.4862957095002
VisualCogB_Task-1,1,12,0,main,-1,1,0.5230254730082865
VisualCogB_Task-1,1,13,0,main,1,-1,0.46481108447387054
VisualCogB_Task-1,1,15,0,main,-1,1,0.5073131613883834
VisualCogB_Task-1,1,16,0,main,1,1,0.5074619596007393
VisualCogB_Task-1,1,17,0,main,-1,-1,0.48791634870400485
VisualCogB_Task-1,1,18,0,main,-1,1,0.5186105277059405
VisualCogB_Task-1,1,19,0,main,1,-1,0.4542953636592035
VisualCogB_Task-1,1,20,0,main,-1,1,0.5187585973722263
VisualCogA_Task-1,1,1,0,amplitude4,-1,-1,0.4720181559127434
VisualCogA_Task-1,1,4,0,amplitude4,-1,-1,0.47040265790306607
VisualCogA_Task-1,1,5,0,amplitude4,1,-1,0.4856618271898039
VisualCogA_Task-1,1,6,0,amplitude4,-1,1,0.5405368041925879
VisualCogA_Task-1,1,7,0,amplitude4,-1,1,0.5145278209052934
VisualCogA_Task-1,1,8,0,amplitude4,-1,-1,0.4990164425661462
VisualCogA_Task-1,1,9,0,amplitude4,1,1,0.5205482458463377
VisualCogA_Task-1,1,10,0,amplitude4,1,1,0.5033454791132719
VisualCogA_Task-1,1,11,0,amplitude4,1,-1,0.4804848486852143
VisualCogA_Task-1,1,12,0,amplitude4,1,1,0.5025242979716311
VisualCogA_Task-1,1,13,0,amplitude4,-1,-1,0.4999575375444157
VisualCogA_Task-1,1,16,0,amplitude4,-1,1,0.51442525241785
VisualCogA_Task-1,1,17,0,amplitude4,1,1,0.5182077691680674
VisualCogA_Task-1,1,18,0,amplitude4,-1,-1,0.49835405840868663
VisualCogA_Task-1,1,19,0,amplitude4,-1,1,0.5371268990670055
VisualCogB_Task-1,1,1,0,amplitude4,-1,-1,0.486807471639688
VisualCogB_Task-1,1,2,0,amplitude4,-1,-1,0.4861075550250838
VisualCogB_Task-1,1,3,0,amplitude4,1,1,0.5172005362504949
VisualCogB_Task-1,1,4,0,amplitude4,-1,-1,0.47614931952428025
VisualCogB_Task-1,1,5,0,amplitude4,1,-1,0.4461186623357871
VisualCogB_Task-1,1,7,0,amplitude4,1,1,0.5125463008727632
VisualCogB_Task-1,1,8,0,amplitude4,-1,1,0.5430259595388391
VisualCogB_Task-1,1,9,0,amplitude4,-1,1,0.5190092320924043
VisualCogB_Task-1,1,10,0,amplitude4,-1,1,0.515610791704697
VisualCogB_Task-1,1,11,0,amplitude4,1,-1,0.4862957095002
VisualCogB_Task-1,1,12,0,amplitude4,-1,1,0.5230254730082865
VisualCogB_Task-1,1,13,0,amplitude4,1,-1,0.46481108447387054
VisualCogB_Task-1,1,15,0,amplitude4,-1,1,0.5073131613883834
VisualCogB_Task-1,1,16,0,amplitude4,1,1,0.5074619596007393
VisualCogB_Task-1,1,17,0,amplitude4,-1,-1,0.48791634870400485
VisualCogB_Task-1,1,18,0,amplitude4,-1,1,0.5186105277059405
VisualCogB_Task-1,1,19,0,amplitude4,1,-1,0.4542953636592035
VisualCogB_Task-1,1,20,0,amplitude4,-1,1,0.5187585973722263
VisualCogA_Task-1,1,1,0,temporal24,-1,-1,0.4948726820379514
VisualCogA_Task-1,1,4,0,temporal24,-1,1,0.5220579711780964
VisualCogA_Task-1,1,5,0,temporal24,1,1,0.5506981035728332
VisualCogA_Task-1,1,6,0,temporal24,-1,1,0.613320722059833
VisualCogA_Task-1,1,7,0,temporal24,-1,1,0.5287126306547469
VisualCogA_Task-1,1,8,0,temporal24,-1,-1,0.4680934841979526
VisualCogA_Task-1,1,9,0,temporal24,1,1,0.512466572295371
VisualCogA_Task-1,1,10,0,temporal24,1,1,0.5075886013826
VisualCogA_Task-1,1,11,0,temporal24,1,1,0.5387684334522281
VisualCogA_Task-1,1,12,0,temporal24,1,-1,0.49691465438671023
VisualCogA_Task-1,1,13,0,temporal24,-1,-1,0.4912453420943122
VisualCogA_Task-1,1,16,0,temporal24,-1,1,0.5056615890959633
VisualCogA_Task-1,1,17,0,temporal24,1,1,0.5404492924408169
VisualCogA_Task-1,1,18,0,temporal24,-1,-1,0.47168645038780865
VisualCogA_Task-1,1,19,0,temporal24,-1,1,0.7182798585639644
VisualCogB_Task-1,1,1,0,temporal24,-1,1,0.5078050175533393
VisualCogB_Task-1,1,2,0,temporal24,-1,-1,0.4939733266863028
VisualCogB_Task-1,1,3,0,temporal24,1,1,0.5032230441301139
VisualCogB_Task-1,1,4,0,temporal24,-1,-1,0.4590072613692206
VisualCogB_Task-1,1,5,0,temporal24,1,-1,0.4725407498824039
VisualCogB_Task-1,1,7,0,temporal24,1,1,0.5229340222562977
VisualCogB_Task-1,1,8,0,temporal24,-1,1,0.5317901693466044
VisualCogB_Task-1,1,9,0,temporal24,-1,1,0.5094435524936534
VisualCogB_Task-1,1,10,0,temporal24,-1,1,0.5097293599894756
VisualCogB_Task-1,1,11,0,temporal24,1,-1,0.4775852203933685
VisualCogB_Task-1,1,12,0,temporal24,-1,1,0.5226455449367923
VisualCogB_Task-1,1,13,0,temporal24,1,-1,0.48113630655220796
VisualCogB_Task-1,1,15,0,temporal24,-1,1,0.5200220985593528
VisualCogB_Task-1,1,16,0,temporal24,1,1,0.5035725322970442
VisualCogB_Task-1,1,17,0,temporal24,-1,-1,0.48900634737861126
VisualCogB_Task-1,1,18,0,temporal24,-1,1,0.5151872499642838
VisualCogB_Task-1,1,19,0,temporal24,1,-1,0.42663548067947465
VisualCogB_Task-1,1,20,0,temporal24,-1,1,0.5190720798434677
VisualCogA_Task-1,1,1,0,contrast25,-1,1,0.5087209254585571
VisualCogA_Task-1,1,4,0,contrast25,-1,1,0.5302105917559015
VisualCogA_Task-1,1,5,0,contrast25,1,1,0.5581245732002243
VisualCogA_Task-1,1,6,0,contrast25,-1,1,0.5952815814235825
VisualCogA_Task-1,1,7,0,contrast25,-1,1,0.5328302612156004
VisualCogA_Task-1,1,8,0,contrast25,-1,-1,0.4645467127889596
VisualCogA_Task-1,1,9,0,contrast25,1,1,0.5099179120564066
VisualCogA_Task-1,1,10,0,contrast25,1,1,0.510088365006609
VisualCogA_Task-1,1,11,0,contrast25,1,1,0.5411771649337165
VisualCogA_Task-1,1,12,0,contrast25,1,-1,0.49578949851849774
VisualCogA_Task-1,1,13,0,contrast25,-1,-1,0.49058498529620337
VisualCogA_Task-1,1,16,0,contrast25,-1,-1,0.49883661089215486
VisualCogA_Task-1,1,17,0,contrast25,1,1,0.5456759349104012
VisualCogA_Task-1,1,18,0,contrast25,-1,-1,0.47129921535188213
VisualCogA_Task-1,1,19,0,contrast25,-1,1,0.7512852928380633
VisualCogB_Task-1,1,1,0,contrast25,-1,1,0.5258485171215131
VisualCogB_Task-1,1,2,0,contrast25,-1,-1,0.4982433240112268
VisualCogB_Task-1,1,3,0,contrast25,1,1,0.5122659182915852
VisualCogB_Task-1,1,4,0,contrast25,-1,-1,0.4483090424538314
VisualCogB_Task-1,1,5,0,contrast25,1,1,0.5291551944251007
VisualCogB_Task-1,1,7,0,contrast25,1,1,0.5314525431430097
VisualCogB_Task-1,1,8,0,contrast25,-1,1,0.5412586793874227
VisualCogB_Task-1,1,9,0,contrast25,-1,-1,0.48946060845313283
VisualCogB_Task-1,1,10,0,contrast25,-1,1,0.5030580696973375
VisualCogB_Task-1,1,11,0,contrast25,1,-1,0.4758689807698342
VisualCogB_Task-1,1,12,0,contrast25,-1,1,0.5279211707676548
VisualCogB_Task-1,1,13,0,contrast25,1,-1,0.4937971087623787
VisualCogB_Task-1,1,15,0,contrast25,-1,1,0.5318945864836105
VisualCogB_Task-1,1,16,0,contrast25,1,1,0.5087426492011792
VisualCogB_Task-1,1,17,0,contrast25,-1,-1,0.4920827165663225
VisualCogB_Task-1,1,18,0,contrast25,-1,1,0.507744817377385
VisualCogB_Task-1,1,19,0,contrast25,1,-1,0.41275544464222463
VisualCogB_Task-1,1,20,0,contrast25,-1,1,0.5042165651049105
VisualCogA_Task-2,2,1,0,main,1,-1,0.3605769093865262
VisualCogA_Task-2,2,2,0,main,-1,1,0.6319943226119685
VisualCogA_Task-2,2,3,0,main,-1,1,0.6093523747065652
VisualCogA_Task-2,2,4,0,main,-1,1,0.573684559772391
VisualCogA_Task-2,2,5,0,main,1,-1,0.462464507577325
VisualCogA_Task-2,2,6,0,main,-1,1,0.6715909655891853
VisualCogA_Task-2,2,7,0,main,1,-1,0.4328956640439202
VisualCogA_Task-2,2,8,0,main,1,1,0.5005481479893652
VisualCogA_Task-2,2,9,0,main,-1,-1,0.4728323245973437
VisualCogA_Task-2,2,10,0,main,-1,1,0.672864720147674
VisualCogA_Task-2,2,11,0,main,1,-1,0.45516884736076496
VisualCogA_Task-2,2,12,0,main,1,1,0.5887038075227196
VisualCogA_Task-2,2,13,0,main,1,-1,0.3315416996275759
VisualCogA_Task-2,2,14,0,main,-1,1,0.5922070704963593
VisualCogA_Task-2,2,15,0,main,-1,-1,0.4554665623989886
VisualCogA_Task-2,2,16,0,main,-1,-1,0.3089739099924165
VisualCogA_Task-2,2,17,0,main,1,-1,0.4725227021341372
VisualCogA_Task-2,2,18,0,main,1,1,0.5506342908890927
VisualCogA_Task-2,2,19,0,main,-1,1,0.6084065471097142
VisualCogA_Task-2,2,20,0,main,-1,-1,0.4579156605980253
VisualCogB_Task-2,2,1,0,main,-1,-1,0.35512121348264786
VisualCogB_Task-2,2,3,0,main,-1,1,0.5059129065267609
VisualCogB_Task-2,2,4,0,main,1,-1,0.4683364524269581
VisualCogB_Task-2,2,5,0,main,-1,-1,0.47540566890214125
VisualCogB_Task-2,2,6,0,main,1,1,0.5756356593364298
VisualCogB_Task-2,2,8,0,main,1,1,0.5515519795285991
VisualCogB_Task-2,2,9,0,main,1,-1,0.487975650585469
VisualCogB_Task-2,2,11,0,main,1,-1,0.45435854170390244
VisualCogB_Task-2,2,12,0,main,1,1,0.5178092191867053
VisualCogB_Task-2,2,13,0,main,1,1,0.5119277890235833
VisualCogB_Task-2,2,17,0,main,-1,1,0.5918178623854132
VisualCogB_Task-2,2,18,0,main,1,-1,0.383132884941918
VisualCogB_Task-2,2,19,0,main,1,-1,0.4951879738062587
VisualCogA_Task-2,2,1,0,amplitude4,1,-1,0.497555184334796
VisualCogA_Task-2,2,2,0,amplitude4,-1,-1,0.4819973723244393
VisualCogA_Task-2,2,3,0,amplitude4,-1,-1,0.49972430334603
VisualCogA_Task-2,2,4,0,amplitude4,-1,-1,0.4993637825122292
VisualCogA_Task-2,2,5,0,amplitude4,1,-1,0.49989440774197524
VisualCogA_Task-2,2,6,0,amplitude4,-1,-1,0.4904168277243658
VisualCogA_Task-2,2,7,0,amplitude4,1,-1,0.495545066617443
VisualCogA_Task-2,2,8,0,amplitude4,1,-1,0.49975813316275275
VisualCogA_Task-2,2,9,0,amplitude4,-1,-1,0.4989158756292188
VisualCogA_Task-2,2,10,0,amplitude4,-1,1,0.5120433902250167
VisualCogA_Task-2,2,11,0,amplitude4,1,-1,0.49171632326117815
VisualCogA_Task-2,2,12,0,amplitude4,1,1,0.5128841288782616
VisualCogA_Task-2,2,13,0,amplitude4,1,1,0.5043813388465891
VisualCogA_Task-2,2,14,0,amplitude4,-1,1,0.5127676188677275
VisualCogA_Task-2,2,15,0,amplitude4,-1,-1,0.48921534000403405
VisualCogA_Task-2,2,16,0,amplitude4,-1,-1,0.48810438285982344
VisualCogA_Task-2,2,17,0,amplitude4,1,1,0.5248515679486266
VisualCogA_Task-2,2,18,0,amplitude4,1,1,0.5113469474664143
VisualCogA_Task-2,2,19,0,amplitude4,-1,1,0.5286362114371636
VisualCogA_Task-2,2,20,0,amplitude4,-1,1,0.5037034129027974
VisualCogB_Task-2,2,1,0,amplitude4,-1,-1,0.48352188252108724
VisualCogB_Task-2,2,3,0,amplitude4,-1,-1,0.4954718976534498
VisualCogB_Task-2,2,4,0,amplitude4,1,-1,0.49424475905663456
VisualCogB_Task-2,2,5,0,amplitude4,-1,-1,0.4976015635136337
VisualCogB_Task-2,2,6,0,amplitude4,1,1,0.5440527530794519
VisualCogB_Task-2,2,8,0,amplitude4,1,1,0.5142936839905707
VisualCogB_Task-2,2,9,0,amplitude4,1,-1,0.49597066047623733
VisualCogB_Task-2,2,11,0,amplitude4,1,1,0.5345070576524709
VisualCogB_Task-2,2,12,0,amplitude4,1,-1,0.48748278088083086
VisualCogB_Task-2,2,13,0,amplitude4,1,-1,0.49279988387034884
VisualCogB_Task-2,2,17,0,amplitude4,-1,1,0.5096775891001005
VisualCogB_Task-2,2,18,0,amplitude4,1,-1,0.4874149479817329
VisualCogB_Task-2,2,19,0,amplitude4,1,-1,0.4958760076320506
VisualCogA_Task-2,2,1,0,temporal24,1,-1,0.3847585027160986
VisualCogA_Task-2,2,2,0,temporal24,-1,1,0.5482059458702907
VisualCogA_Task-2,2,3,0,temporal24,-1,1,0.5327754398962342
VisualCogA_Task-2,2,4,0,temporal24,-1,-1,0.4996583495779487
VisualCogA_Task-2,2,5,0,temporal24,1,1,0.5233393208210946
VisualCogA_Task-2,2,6,0,temporal24,-1,1,0.5855044320325323
VisualCogA_Task-2,2,7,0,temporal24,1,-1,0.45383640734429687
VisualCogA_Task-2,2,8,0,temporal24,1,1,0.5070614506962564
VisualCogA_Task-2,2,9,0,temporal24,-1,-1,0.4863013400145292
VisualCogA_Task-2,2,10,0,temporal24,-1,1,0.6255155162084495
VisualCogA_Task-2,2,11,0,temporal24,1,-1,0.4589492622860293
VisualCogA_Task-2,2,12,0,temporal24,1,1,0.6040575318081325
VisualCogA_Task-2,2,13,0,temporal24,1,-1,0.3211958177727478
VisualCogA_Task-2,2,14,0,temporal24,-1,1,0.5732762288557518
VisualCogA_Task-2,2,15,0,temporal24,-1,-1,0.454086500814719
VisualCogA_Task-2,2,16,0,temporal24,-1,-1,0.36523909926205705
VisualCogA_Task-2,2,17,0,temporal24,1,1,0.6060739476089809
VisualCogA_Task-2,2,18,0,temporal24,1,1,0.557192648242292
VisualCogA_Task-2,2,19,0,temporal24,-1,1,0.6000391811575492
VisualCogA_Task-2,2,20,0,temporal24,-1,-1,0.4809339560078299
VisualCogB_Task-2,2,1,0,temporal24,-1,-1,0.40379996696299997
VisualCogB_Task-2,2,3,0,temporal24,-1,1,0.5133627895085011
VisualCogB_Task-2,2,4,0,temporal24,1,-1,0.4782308026555483
VisualCogB_Task-2,2,5,0,temporal24,-1,-1,0.49686625847315147
VisualCogB_Task-2,2,6,0,temporal24,1,1,0.6329680089503105
VisualCogB_Task-2,2,8,0,temporal24,1,1,0.5665915481939476
VisualCogB_Task-2,2,9,0,temporal24,1,-1,0.48451461066283313
VisualCogB_Task-2,2,11,0,temporal24,1,1,0.5904274792190257
VisualCogB_Task-2,2,12,0,temporal24,1,1,0.5151026434453337
VisualCogB_Task-2,2,13,0,temporal24,1,1,0.5097729853665355
VisualCogB_Task-2,2,17,0,temporal24,-1,1,0.5801242983961725
VisualCogB_Task-2,2,18,0,temporal24,1,-1,0.38402560851562584
VisualCogB_Task-2,2,19,0,temporal24,1,-1,0.4924681692571979
VisualCogA_Task-2,2,1,0,contrast25,1,-1,0.3605769093865262
VisualCogA_Task-2,2,2,0,contrast25,-1,1,0.6319943226119685
VisualCogA_Task-2,2,3,0,contrast25,-1,1,0.6093523747065652
VisualCogA_Task-2,2,4,0,contrast25,-1,1,0.573684559772391
VisualCogA_Task-2,2,5,0,contrast25,1,-1,0.462464507577325
VisualCogA_Task-2,2,6,0,contrast25,-1,1,0.6715909655891853
VisualCogA_Task-2,2,7,0,contrast25,1,-1,0.4328956640439202
VisualCogA_Task-2,2,8,0,contrast25,1,1,0.5005481479893652
VisualCogA_Task-2,2,9,0,contrast25,-1,-1,0.4728323245973437
VisualCogA_Task-2,2,10,0,contrast25,-1,1,0.672864720147674
VisualCogA_Task-2,2,11,0,contrast25,1,-1,0.45516884736076496
VisualCogA_Task-2,2,12,0,contrast25,1,1,0.5887038075227196
VisualCogA_Task-2,2,13,0,contrast25,1,-1,0.3315416996275759
VisualCogA_Task-2,2,14,0,contrast25,-1,1,0.5922070704963593
VisualCogA_Task-2,2,15,0,contrast25,-1,-1,0.4554665623989886
VisualCogA_Task-2,2,16,0,contrast25,-1,-1,0.3089739099924165
VisualCogA_Task-2,2,17,0,contrast25,1,-1,0.4725227021341372
VisualCogA_Task-2,2,18,0,contrast25,1,1,0.5506342908890927
VisualCogA_Task-2,2,19,0,contrast25,-1,1,0.6084065471097142
VisualCogA_Task-2,2,20,0,contrast25,-1,-1,0.4579156605980253
VisualCogB_Task-2,2,1,0,contrast25,-1,-1,0.35512121348264786
VisualCogB_Task-2,2,3,0,contrast25,-1,1,0.5059129065267609
VisualCogB_Task-2,2,4,0,contrast25,1,-1,0.4683364524269581
VisualCogB_Task-2,2,5,0,contrast25,-1,-1,0.47540566890214125
VisualCogB_Task-2,2,6,0,contrast25,1,1,0.5756356593364298
VisualCogB_Task-2,2,8,0,contrast25,1,1,0.5515519795285991
VisualCogB_Task-2,2,9,0,contrast25,1,-1,0.487975650585469
VisualCogB_Task-2,2,11,0,contrast25,1,-1,0.45435854170390244
VisualCogB_Task-2,2,12,0,contrast25,1,1,0.5178092191867053
VisualCogB_Task-2,2,13,0,contrast25,1,1,0.5119277890235833
VisualCogB_Task-2,2,17,0,contrast25,-1,1,0.5918178623854132
VisualCogB_Task-2,2,18,0,contrast25,1,-1,0.383132884941918
VisualCogB_Task-2,2,19,0,contrast25,1,-1,0.4951879738062587
VisualCogA_Task-1,1,21,1,main,-1,-1,0.4702428458332189
VisualCogA_Task-1,1,23,1,main,1,1,0.5182505401515378
VisualCogA_Task-1,1,24,1,main,-1,-1,0.3525844603989714
VisualCogA_Task-1,1,25,1,main,-1,1,0.579459070443262
VisualCogA_Task-1,1,26,1,main,1,-1,0.3329899065265985
VisualCogA_Task-1,1,28,1,main,-1,-1,0.3611989315647054
VisualCogA_Task-1,1,29,1,main,-1,-1,0.3945952768604135
VisualCogA_Task-1,1,30,1,main,-1,-1,0.4464206674387165
VisualCogA_Task-1,1,31,1,main,-1,1,0.5111648865586278
VisualCogA_Task-1,1,32,1,main,1,-1,0.49308505655807505
VisualCogA_Task-1,1,33,1,main,1,-1,0.48887506010387816
VisualCogA_Task-1,1,34,1,main,-1,1,0.5859040522253839
VisualCogA_Task-1,1,35,1,main,1,-1,0.4741271103672604
VisualCogA_Task-1,1,37,1,main,-1,1,0.5504461974588927
VisualCogA_Task-1,1,38,1,main,-1,-1,0.49003905358261446
VisualCogB_Task-1,1,21,1,main,1,1,0.515159773380296
VisualCogB_Task-1,1,22,1,main,1,1,0.5207236859273436
VisualCogB_Task-1,1,24,1,main,1,1,0.5135723388550089
VisualCogB_Task-1,1,26,1,main,1,1,0.5391513722424985
VisualCogB_Task-1,1,27,1,main,1,1,0.5367065436494153
VisualCogB_Task-1,1,28,1,main,1,1,0.5117847734087597
VisualCogB_Task-1,1,29,1,main,1,1,0.518088245349817
VisualCogB_Task-1,1,30,1,main,-1,-1,0.4424337373535373
VisualCogB_Task-1,1,31,1,main,1,1,0.5673248041094531
VisualCogB_Task-1,1,32,1,main,-1,-1,0.4043416516411174
VisualCogB_Task-1,1,33,1,main,-1,1,0.5106411817289391
VisualCogB_Task-1,1,34,1,main,1,-1,0.41800985812502733
VisualCogB_Task-1,1,35,1,main,-1,1,0.6281472014848866
VisualCogB_Task-1,1,37,1,main,-1,1,0.6013796128088412
VisualCogB_Task-1,1,38,1,main,-1,-1,0.43195354980612377
VisualCogB_Task-1,1,39,1,main,1,-1,0.41427381313474976
VisualCogB_Task-1,1,40,1,main,1,1,0.6909321892718244
VisualCogA_Task-1,1,21,1,amplitude4,-1,-1,0.4999340597617876
VisualCogA_Task-1,1,23,1,amplitude4,1,1,0.5049612734906113
VisualCogA_Task-1,1,24,1,amplitude4,-1,1,0.5001773058172954
VisualCogA_Task-1,1,25,1,amplitude4,-1,1,0.5278645577388784
VisualCogA_Task-1,1,26,1,amplitude4,1,-1,0.49629235399718524
VisualCogA_Task-1,1,28,1,amplitude4,-1,1,0.5007630794898181
VisualCogA_Task-1,1,29,1,amplitude4,-1,-1,0.4967022380630693
VisualCogA_Task-1,1,30,1,amplitude4,-1,-1,0.4982017346664414
VisualCogA_Task-1,1,31,1,amplitude4,-1,1,0.5130185698798491
VisualCogA_Task-1,1,32,1,amplitude4,1,-1,0.4994712392002499
VisualCogA_Task-1,1,33,1,amplitude4,1,1,0.501400820793487
VisualCogA_Task-1,1,34,1,amplitude4,-1,1,0.5024851553267958
VisualCogA_Task-1,1,35,1,amplitude4,1,1,0.5014400469574402
VisualCogA_Task-1,1,37,1,amplitude4,-1,1,0.5030652301269376
VisualCogA_Task-1,1,38,1,amplitude4,-1,-1,0.4963125872344593
VisualCogB_Task-1,1,21,1,amplitude4,1,1,0.5029814038852767
VisualCogB_Task-1,1,22,1,amplitude4,1,1,0.5037739080118313
VisualCogB_Task-1,1,24,1,amplitude4,1,1,0.5064214619747649
VisualCogB_Task-1,1,26,1,amplitude4,1,1,0.5073833021265549
VisualCogB_Task-1,1,27,1,amplitude4,1,1,0.5042753116644068
VisualCogB_Task-1,1,28,1,amplitude4,1,-1,0.4914510716732885
VisualCogB_Task-1,1,29,1,amplitude4,1,1,0.5032538595502601
VisualCogB_Task-1,1,30,1,amplitude4,-1,-1,0.4641444221398398
VisualCogB_Task-1,1,31,1,amplitude4,1,1,0.5210577441990557
VisualCogB_Task-1,1,32,1,amplitude4,-1,-1,0.489434115414228
VisualCogB_Task-1,1,33,1,amplitude4,-1,1,0.5001964349190327
VisualCogB_Task-1,1,34,1,amplitude4,1,-1,0.4818893880456286
VisualCogB_Task-1,1,35,1,amplitude4,-1,1,0.5254148859955231
VisualCogB_Task-1,1,37,1,amplitude4,-1,1,0.5204054192234826
VisualCogB_Task-1,1,38,1,amplitude4,-1,1,0.5002944741472314
VisualCogB_Task-1,1,39,1,amplitude4,1,-1,0.48255319751895437
VisualCogB_Task-1,1,40,1,amplitude4,1,1,0.5257626804680519
VisualCogA_Task-1,1,21,1,temporal24,-1,-1,0.4702428458332189
VisualCogA_Task-1,1,23,1,temporal24,1,1,0.5182505401515378
VisualCogA_Task-1,1,24,1,temporal24,-1,-1,0.3525844603989714
VisualCogA_Task-1,1,25,1,temporal24,-1,1,0.579459070443262
VisualCogA_Task-1,1,26,1,temporal24,1,-1,0.3329899065265985
VisualCogA_Task-1,1,28,1,temporal24,-1,-1,0.3611989315647054
VisualCogA_Task-1,1,29,1,temporal24,-1,-1,0.3945952768604135
VisualCogA_Task-1,1,30,1,temporal24,-1,-1,0.4464206674387165
VisualCogA_Task-1,1,31,1,temporal24,-1,1,0.5111648865586278
VisualCogA_Task-1,1,32,1,temporal24,1,-1,0.49308505655807505
VisualCogA_Task-1,1,33,1,temporal24,1,-1,0.48887506010387816
VisualCogA_Task-1,1,34,1,temporal24,-1,1,0.5859040522253839
VisualCogA_Task-1,1,35,1,temporal24,1,-1,0.4741271103672604
VisualCogA_Task-1,1,37,1,temporal24,-1,1,0.5504461974588927
VisualCogA_Task-1,1,38,1,temporal24,-1,-1,0.49003905358261446
VisualCogB_Task-1,1,21,1,temporal24,1,1,0.515159773380296
VisualCogB_Task-1,1,22,1,temporal24,1,1,0.5207236859273436
VisualCogB_Task-1,1,24,1,temporal24,1,1,0.5135723388550089
VisualCogB_Task-1,1,26,1,temporal24,1,1,0.5391513722424985
VisualCogB_Task-1,1,27,1,temporal24,1,1,0.5367065436494153
VisualCogB_Task-1,1,28,1,temporal24,1,1,0.5117847734087597
VisualCogB_Task-1,1,29,1,temporal24,1,1,0.518088245349817
VisualCogB_Task-1,1,30,1,temporal24,-1,-1,0.4424337373535373
VisualCogB_Task-1,1,31,1,temporal24,1,1,0.5673248041094531
VisualCogB_Task-1,1,32,1,temporal24,-1,-1,0.4043416516411174
VisualCogB_Task-1,1,33,1,temporal24,-1,1,0.5106411817289391
VisualCogB_Task-1,1,34,1,temporal24,1,-1,0.41800985812502733
VisualCogB_Task-1,1,35,1,temporal24,-1,1,0.6281472014848866
VisualCogB_Task-1,1,37,1,temporal24,-1,1,0.6013796128088412
VisualCogB_Task-1,1,38,1,temporal24,-1,-1,0.43195354980612377
VisualCogB_Task-1,1,39,1,temporal24,1,-1,0.41427381313474976
VisualCogB_Task-1,1,40,1,temporal24,1,1,0.6909321892718244
VisualCogA_Task-1,1,21,1,contrast25,-1,-1,0.4750975986889373
VisualCogA_Task-1,1,23,1,contrast25,1,1,0.5285784398683079
VisualCogA_Task-1,1,24,1,contrast25,-1,-1,0.31491089442367826
VisualCogA_Task-1,1,25,1,contrast25,-1,1,0.5638479868043889
VisualCogA_Task-1,1,26,1,contrast25,1,-1,0.2941339832101229
VisualCogA_Task-1,1,28,1,contrast25,-1,-1,0.32548091703485665
VisualCogA_Task-1,1,29,1,contrast25,-1,-1,0.3811689459559123
VisualCogA_Task-1,1,30,1,contrast25,-1,-1,0.4391254225224058
VisualCogA_Task-1,1,31,1,contrast25,-1,1,0.5100118153071626
VisualCogA_Task-1,1,32,1,contrast25,1,1,0.5038202768607294
VisualCogA_Task-1,1,33,1,contrast25,1,-1,0.4872445843806591
VisualCogA_Task-1,1,34,1,contrast25,-1,1,0.6072562523495166
VisualCogA_Task-1,1,35,1,contrast25,1,-1,0.4771640267708067
VisualCogA_Task-1,1,37,1,contrast25,-1,1,0.5623318148070192
VisualCogA_Task-1,1,38,1,contrast25,-1,-1,0.4961758119617854
VisualCogB_Task-1,1,21,1,contrast25,1,1,0.5202285889021266
VisualCogB_Task-1,1,22,1,contrast25,1,1,0.5294075709307784
VisualCogB_Task-1,1,24,1,contrast25,1,-1,0.47605714828052026
VisualCogB_Task-1,1,26,1,contrast25,1,1,0.5517254753639962
VisualCogB_Task-1,1,27,1,contrast25,1,1,0.5306614232816258
VisualCogB_Task-1,1,28,1,contrast25,1,1,0.5519906090531586
VisualCogB_Task-1,1,29,1,contrast25,1,1,0.5132773819326417
VisualCogB_Task-1,1,30,1,contrast25,-1,-1,0.4918142642046706
VisualCogB_Task-1,1,31,1,contrast25,1,1,0.5817428440966991
VisualCogB_Task-1,1,32,1,contrast25,-1,-1,0.4141207348710886
VisualCogB_Task-1,1,33,1,contrast25,-1,1,0.5288471911713618
VisualCogB_Task-1,1,34,1,contrast25,1,-1,0.43050978489711134
VisualCogB_Task-1,1,35,1,contrast25,-1,1,0.6600916303211295
VisualCogB_Task-1,1,37,1,contrast25,-1,1,0.6183338326158663
VisualCogB_Task-1,1,38,1,contrast25,-1,-1,0.41151515118331583
VisualCogB_Task-1,1,39,1,contrast25,1,-1,0.43126826739321134
VisualCogB_Task-1,1,40,1,contrast25,1,1,0.682225661075181
VisualCogA_Task-2,2,21,1,main,1,-1,0.48258865571486137
VisualCogA_Task-2,2,22,1,main,-1,1,0.5297860055270811
VisualCogA_Task-2,2,24,1,main,1,-1,0.4978197895248605
VisualCogA_Task-2,2,25,1,main,-1,1,0.5059380935886136
VisualCogA_Task-2,2,26,1,main,-1,1,0.5000757221819575
VisualCogA_Task-2,2,27,1,main,1,1,0.5449811449208178
VisualCogA_Task-2,2,28,1,main,1,1,0.507161731025861
VisualCogA_Task-2,2,29,1,main,1,1,0.5535565681248145
VisualCogA_Task-2,2,32,1,main,-1,1,0.5078062340709736
VisualCogA_Task-2,2,35,1,main,-1,1,0.503456202861977
VisualCogA_Task-2,2,36,1,main,1,-1,0.4935944160487573
VisualCogA_Task-2,2,37,1,main,1,-1,0.49651141236222074
VisualCogA_Task-2,2,38,1,main,-1,1,0.5082471785796271
VisualCogA_Task-2,2,40,1,main,-1,1,0.5508464935172577
VisualCogB_Task-2,2,21,1,main,1,-1,0.44781378637399405
VisualCogB_Task-2,2,22,1,main,1,-1,0.4712951193647791
VisualCogB_Task-2,2,24,1,main,-1,-1,0.4848941501162243
VisualCogB_Task-2,2,25,1,main,-1,-1,0.4997192705034948
VisualCogB_Task-2,2,26,1,main,1,1,0.6004868704195134
VisualCogB_Task-2,2,27,1,main,-1,-1,0.4482000318630914
VisualCogB_Task-2,2,28,1,main,-1,-1,0.4865494311966043
VisualCogB_Task-2,2,29,1,main,-1,1,0.5227633335867004
VisualCogB_Task-2,2,30,1,main,1,-1,0.48658325994395324
VisualCogB_Task-2,2,31,1,main,1,1,0.501287401443136
VisualCogB_Task-2,2,33,1,main,1,1,0.5160713486714492
VisualCogB_Task-2,2,34,1,main,1,-1,0.4767395460354122
VisualCogB_Task-2,2,35,1,main,-1,-1,0.49670309754334374
VisualCogB_Task-2,2,36,1,main,1,1,0.5229822596653547
VisualCogB_Task-2,2,37,1,main,-1,-1,0.48180656689612905
VisualCogB_Task-2,2,38,1,main,-1,1,0.6049608149725137
VisualCogB_Task-2,2,39,1,main,1,-1,0.47919422369650216
VisualCogB_Task-2,2,40,1,main,1,-1,0.4877722355807208
VisualCogA_Task-2,2,21,1,amplitude4,1,-1,0.48258865571486137
VisualCogA_Task-2,2,22,1,amplitude4,-1,1,0.5297860055270811
VisualCogA_Task-2,2,24,1,amplitude4,1,-1,0.4978197895248605
VisualCogA_Task-2,2,25,1,amplitude4,-1,1,0.5059380935886136
VisualCogA_Task-2,2,26,1,amplitude4,-1,1,0.5000757221819575
VisualCogA_Task-2,2,27,1,amplitude4,1,1,0.5449811449208178
VisualCogA_Task-2,2,28,1,amplitude4,1,1,0.507161731025861
VisualCogA_Task-2,2,29,1,amplitude4,1,1,0.5535565681248145
VisualCogA_Task-2,2,32,1,amplitude4,-1,1,0.5078062340709736
VisualCogA_Task-2,2,35,1,amplitude4,-1,1,0.503456202861977
VisualCogA_Task-2,2,36,1,amplitude4,1,-1,0.4935944160487573
VisualCogA_Task-2,2,37,1,amplitude4,1,-1,0.49651141236222074
VisualCogA_Task-2,2,38,1,amplitude4,-1,1,0.5082471785796271
VisualCogA_Task-2,2,40,1,amplitude4,-1,1,0.5508464935172577
VisualCogB_Task-2,2,21,1,amplitude4,1,-1,0.44781378637399405
VisualCogB_Task-2,2,22,1,amplitude4,1,-1,0.4712951193647791
VisualCogB_Task-2,2,24,1,amplitude4,-1,-1,0.4848941501162243
VisualCogB_Task-2,2,25,1,amplitude4,-1,-1,0.4997192705034948
VisualCogB_Task-2,2,26,1,amplitude4,1,1,0.6004868704195134
VisualCogB_Task-2,2,27,1,amplitude4,-1,-1,0.4482000318630914
VisualCogB_Task-2,2,28,1,amplitude4,-1,-1,0.4865494311966043
VisualCogB_Task-2,2,29,1,amplitude4,-1,1,0.5227633335867004
VisualCogB_Task-2,2,30,1,amplitude4,1,-1,0.48658325994395324
VisualCogB_Task-2,2,31,1,amplitude4,1,1,0.501287401443136
VisualCogB_Task-2,2,33,1,amplitude4,1,1,0.5160713486714492
VisualCogB_Task-2,2,34,1,amplitude4,1,-1,0.4767395460354122
VisualCogB_Task-2,2,35,1,amplitude4,-1,-1,0.49670309754334374
VisualCogB_Task-2,2,36,1,amplitude4,1,1,0.5229822596653547
VisualCogB_Task-2,2,37,1,amplitude4,-1,-1,0.48180656689612905
VisualCogB_Task-2,2,38,1,amplitude4,-1,1,0.6049608149725137
VisualCogB_Task-2,2,39,1,amplitude4,1,-1,0.47919422369650216
VisualCogB_Task-2,2,40,1,amplitude4,1,-1,0.4877722355807208
VisualCogA_Task-2,2,21,1,temporal24,1,-1,0.41793712584446513
VisualCogA_Task-2,2,22,1,temporal24,-1,1,0.643432069159774
VisualCogA_Task-2,2,24,1,temporal24,1,1,0.5092740568208364
VisualCogA_Task-2,2,25,1,temporal24,-1,1,0.5025082041053593
VisualCogA_Task-2,2,26,1,temporal24,-1,-1,0.47732127818459513
VisualCogA_Task-2,2,27,1,temporal24,1,1,0.6482470788856064
VisualCogA_Task-2,2,28,1,temporal24,1,1,0.5063673947912427
VisualCogA_Task-2,2,29,1,temporal24,1,1,0.6727840984143775
VisualCogA_Task-2,2,32,1,temporal24,-1,1,0.5774664728985339
VisualCogA_Task-2,2,35,1,temporal24,-1,1,0.5218120277181248
VisualCogA_Task-2,2,36,1,temporal24,1,-1,0.45735660159941305
VisualCogA_Task-2,2,37,1,temporal24,1,-1,0.3598955838757603
VisualCogA_Task-2,2,38,1,temporal24,-1,1,0.5021300017982406
VisualCogA_Task-2,2,40,1,temporal24,-1,1,0.6754406607426315
VisualCogB_Task-2,2,21,1,temporal24,1,-1,0.3791956250044131
VisualCogB_Task-2,2,22,1,temporal24,1,-1,0.45413511616952035
VisualCogB_Task-2,2,24,1,temporal24,-1,1,0.5198217542183752
VisualCogB_Task-2,2,25,1,temporal24,-1,1,0.5167225289512416
VisualCogB_Task-2,2,26,1,temporal24,1,1,0.8219212770254603
VisualCogB_Task-2,2,27,1,temporal24,-1,-1,0.31829589671449193
VisualCogB_Task-2,2,28,1,temporal24,-1,-1,0.442862855778566
VisualCogB_Task-2,2,29,1,temporal24,-1,1,0.6665558942979962
VisualCogB_Task-2,2,30,1,temporal24,1,-1,0.49672145016132613
VisualCogB_Task-2,2,31,1,temporal24,1,1,0.5660346319149089
VisualCogB_Task-2,2,33,1,temporal24,1,1,0.6103914906947759
VisualCogB_Task-2,2,34,1,temporal24,1,-1,0.45670528098229823
VisualCogB_Task-2,2,35,1,temporal24,-1,1,0.5731994693855109
VisualCogB_Task-2,2,36,1,temporal24,1,1,0.5576715855397428
VisualCogB_Task-2,2,37,1,temporal24,-1,-1,0.4494948307989251
VisualCogB_Task-2,2,38,1,temporal24,-1,1,0.808848170368444
VisualCogB_Task-2,2,39,1,temporal24,1,-1,0.4713155482739394
VisualCogB_Task-2,2,40,1,temporal24,1,-1,0.42363703083676413
VisualCogA_Task-2,2,21,1,contrast25,1,-1,0.46894533673121996
VisualCogA_Task-2,2,22,1,contrast25,-1,1,0.6030149376335184
VisualCogA_Task-2,2,24,1,contrast25,1,-1,0.48275634739475476
VisualCogA_Task-2,2,25,1,contrast25,-1,1,0.5121510295087184
VisualCogA_Task-2,2,26,1,contrast25,-1,-1,0.4901265184357477
VisualCogA_Task-2,2,27,1,contrast25,1,1,0.5888743794869034
VisualCogA_Task-2,2,28,1,contrast25,1,-1,0.4955019134076742
VisualCogA_Task-2,2,29,1,contrast25,1,1,0.621813654545802
VisualCogA_Task-2,2,32,1,contrast25,-1,1,0.5053877931394292
VisualCogA_Task-2,2,35,1,contrast25,-1,-1,0.49695147170993625
VisualCogA_Task-2,2,36,1,contrast25,1,-1,0.46870067856933567
VisualCogA_Task-2,2,37,1,contrast25,1,-1,0.41964350645611165
VisualCogA_Task-2,2,38,1,contrast25,-1,-1,0.4976699148113991
VisualCogA_Task-2,2,40,1,contrast25,-1,1,0.6092602728003039
VisualCogB_Task-2,2,21,1,contrast25,1,-1,0.4361501736138273
VisualCogB_Task-2,2,22,1,contrast25,1,-1,0.47868850947543506
VisualCogB_Task-2,2,24,1,contrast25,-1,1,0.5380102296513867
VisualCogB_Task-2,2,25,1,contrast25,-1,1,0.6023079457859346
VisualCogB_Task-2,2,26,1,contrast25,1,1,0.6773302667469101
VisualCogB_Task-2,2,27,1,contrast25,-1,-1,0.3466021773245879
VisualCogB_Task-2,2,28,1,contrast25,-1,-1,0.47480861478139486
VisualCogB_Task-2,2,29,1,contrast25,-1,1,0.615332593798024
VisualCogB_Task-2,2,30,1,contrast25,1,1,0.5475572497920915
VisualCogB_Task-2,2,31,1,contrast25,1,1,0.5219982117541582
VisualCogB_Task-2,2,33,1,contrast25,1,-1,0.45351531265001416
VisualCogB_Task-2,2,34,1,contrast25,1,1,0.5122364694715947
VisualCogB_Task-2,2,35,1,contrast25,-1,1,0.5536725884271683
VisualCogB_Task-2,2,36,1,contrast25,1,1,0.5528170892946535
VisualCogB_Task-2,2,37,1,contrast25,-1,-1,0.4688627649664598
VisualCogB_Task-2,2,38,1,contrast25,-1,1,0.667965344876049
VisualCogB_Task-2,2,39,1,contrast25,1,1,0.5013743546766615
VisualCogB_Task-2,2,40,1,contrast25,1,-1,0.4929049319351801
VisualCogA_Task-1,1,42,2,main,1,-1,0.3968719865346409
VisualCogA_Task-1,1,43,2,main,-1,-1,0.42852687473659773
VisualCogA_Task-1,1,44,2,main,1,-1,0.4693648167275761
VisualCogA_Task-1,1,45,2,main,-1,-1,0.3637070977412096
VisualCogA_Task-1,1,47,2,main,-1,-1,0.4874478337934393
VisualCogA_Task-1,1,48,2,main,1,-1,0.3712797804415351
VisualCogA_Task-1,1,49,2,main,-1,1,0.608681405310975
VisualCogA_Task-1,1,50,2,main,-1,1,0.6594862311841374
VisualCogA_Task-1,1,51,2,main,1,1,0.5563445569082041
VisualCogA_Task-1,1,52,2,main,1,1,0.5569009186496354
VisualCogA_Task-1,1,54,2,main,-1,1,0.51035198888099
VisualCogA_Task-1,1,55,2,main,1,1,0.5164433590391796
VisualCogA_Task-1,1,56,2,main,-1,1,0.5099107183525781
VisualCogA_Task-1,1,57,2,main,-1,1,0.6156724816873103
VisualCogA_Task-1,1,58,2,main,1,1,0.6174811412123311
VisualCogA_Task-1,1,59,2,main,1,-1,0.3995768711090744
VisualCogA_Task-1,1,60,2,main,-1,1,0.6266081430721039
VisualCogB_Task-1,1,41,2,main,-1,-1,0.4847286891812722
VisualCogB_Task-1,1,42,2,main,1,-1,0.49681335615052075
VisualCogB_Task-1,1,43,2,main,1,-1,0.38327243296082725
VisualCogB_Task-1,1,44,2,main,1,-1,0.47397823964100233
VisualCogB_Task-1,1,45,2,main,1,-1,0.49425275508871497
VisualCogB_Task-1,1,48,2,main,1,-1,0.3616788542579227
VisualCogB_Task-1,1,49,2,main,1,-1,0.49132171642402256
VisualCogB_Task-1,1,50,2,main,-1,1,0.8649452679662385
VisualCogB_Task-1,1,51,2,main,1,-1,0.38235544352825124
VisualCogB_Task-1,1,52,2,main,-1,1,0.5313305854724308
VisualCogB_Task-1,1,53,2,main,1,1,0.5081158809893614
VisualCogB_Task-1,1,55,2,main,1,-1,0.15214824883123815
VisualCogB_Task-1,1,56,2,main,-1,-1,0.4057735092660586
VisualCogB_Task-1,1,57,2,main,1,1,0.5860788266323282
VisualCogB_Task-1,1,58,2,main,1,1,0.8421836886656502
VisualCogB_Task-1,1,59,2,main,1,-1,0.35196223182712777
VisualCogB_Task-1,1,60,2,main,1,1,0.5159226216071029
VisualCogA_Task-1,1,42,2,amplitude4,1,1,0.5153208679059968
VisualCogA_Task-1,1,43,2,amplitude4,-1,1,0.5023034250991331
VisualCogA_Task-1,1,44,2,amplitude4,1,-1,0.48573882154317694
VisualCogA_Task-1,1,45,2,amplitude4,-1,-1,0.47425842793565354
VisualCogA_Task-1,1,47,2,amplitude4,-1,-1,0.4877251557871554
VisualCogA_Task-1,1,48,2,amplitude4,1,1,0.5086042054293941
VisualCogA_Task-1,1,49,2,amplitude4,-1,1,0.5219836783870185
VisualCogA_Task-1,1,50,2,amplitude4,-1,1,0.5522942203524599
VisualCogA_Task-1,1,51,2,amplitude4,1,-1,0.47598822503104393
VisualCogA_Task-1,1,52,2,amplitude4,1,1,0.5892422575622046
VisualCogA_Task-1,1,54,2,amplitude4,-1,-1,0.4291324534172221
VisualCogA_Task-1,1,55,2,amplitude4,1,1,0.5088005618142585
VisualCogA_Task-1,1,56,2,amplitude4,-1,1,0.539738096928757
VisualCogA_Task-1,1,57,2,amplitude4,-1,1,0.5076402372830444
VisualCogA_Task-1,1,58,2,amplitude4,1,1,0.5117889345011786
VisualCogA_Task-1,1,59,2,amplitude4,1,1,0.5087338314848868
VisualCogA_Task-1,1,60,2,amplitude4,-1,-1,0.46822777780565833
VisualCogB_Task-1,1,41,2,amplitude4,-1,-1,0.49311290144678266
VisualCogB_Task-1,1,42,2,amplitude4,1,-1,0.4703386097707403
VisualCogB_Task-1,1,43,2,amplitude4,1,-1,0.44810941381095204
VisualCogB_Task-1,1,44,2,amplitude4,1,-1,0.4881361728989581
VisualCogB_Task-1,1,45,2,amplitude4,1,1,0.5097974614485417
VisualCogB_Task-1,1,48,2,amplitude4,1,-1,0.4092728895557317
VisualCogB_Task-1,1,49,2,amplitude4,1,1,0.52079037573452
VisualCogB_Task-1,1,50,2,amplitude4,-1,1,0.6961364523152717
VisualCogB_Task-1,1,51,2,amplitude4,1,-1,0.4482679352655349
VisualCogB_Task-1,1,52,2,amplitude4,-1,-1,0.4884759023635666
VisualCogB_Task-1,1,53,2,amplitude4,1,1,0.5116552277064571
VisualCogB_Task-1,1,55,2,amplitude4,1,-1,0.46411303762293593
VisualCogB_Task-1,1,56,2,amplitude4,-1,-1,0.4636161125020423
VisualCogB_Task-1,1,57,2,amplitude4,1,1,0.5388724184876051
VisualCogB_Task-1,1,58,2,amplitude4,1,-1,0.499019562269613
VisualCogB_Task-1,1,59,2,amplitude4,1,-1,0.4535246065211291
VisualCogB_Task-1,1,60,2,amplitude4,1,1,0.506386318247718
VisualCogA_Task-1,1,42,2,temporal24,1,-1,0.3968719865346409
VisualCogA_Task-1,1,43,2,temporal24,-1,-1,0.42852687473659773
VisualCogA_Task-1,1,44,2,temporal24,1,-1,0.4693648167275761
VisualCogA_Task-1,1,45,2,temporal24,-1,-1,0.3637070977412096
VisualCogA_Task-1,1,47,2,temporal24,-1,-1,0.4874478337934393
VisualCogA_Task-1,1,48,2,temporal24,1,-1,0.3712797804415351
VisualCogA_Task-1,1,49,2,temporal24,-1,1,0.608681405310975
VisualCogA_Task-1,1,50,2,temporal24,-1,1,0.6594862311841374
VisualCogA_Task-1,1,51,2,temporal24,1,1,0.5563445569082041
VisualCogA_Task-1,1,52,2,temporal24,1,1,0.5569009186496354
VisualCogA_Task-1,1,54,2,temporal24,-1,1,0.51035198888099
VisualCogA_Task-1,1,55,2,temporal24,1,1,0.5164433590391796
VisualCogA_Task-1,1,56,2,temporal24,-1,1,0.5099107183525781
VisualCogA_Task-1,1,57,2,temporal24,-1,1,0.6156724816873103
VisualCogA_Task-1,1,58,2,temporal24,1,1,0.6174811412123311
VisualCogA_Task-1,1,59,2,temporal24,1,-1,0.3995768711090744
VisualCogA_Task-1,1,60,2,temporal24,-1,1,0.6266081430721039
VisualCogB_Task-1,1,41,2,temporal24,-1,-1,0.4847286891812722
VisualCogB_Task-1,1,42,2,temporal24,1,-1,0.49681335615052075
VisualCogB_Task-1,1,43,2,temporal24,1,-1,0.38327243296082725
VisualCogB_Task-1,1,44,2,temporal24,1,-1,0.47397823964100233
VisualCogB_Task-1,1,45,2,temporal24,1,-1,0.49425275508871497
VisualCogB_Task-1,1,48,2,temporal24,1,-1,0.3616788542579227
VisualCogB_Task-1,1,49,2,temporal24,1,-1,0.49132171642402256
VisualCogB_Task-1,1,50,2,temporal24,-1,1,0.8649452679662385
VisualCogB_Task-1,1,51,2,temporal24,1,-1,0.38235544352825124
VisualCogB_Task-1,1,52,2,temporal24,-1,1,0.5313305854724308
VisualCogB_Task-1,1,53,2,temporal24,1,1,0.5081158809893614
VisualCogB_Task-1,1,55,2,temporal24,1,-1,0.15214824883123815
VisualCogB_Task-1,1,56,2,temporal24,-1,-1,0.4057735092660586
VisualCogB_Task-1,1,57,2,temporal24,1,1,0.5860788266323282
VisualCogB_Task-1,1,58,2,temporal24,1,1,0.8421836886656502
VisualCogB_Task-1,1,59,2,temporal24,1,-1,0.35196223182712777
VisualCogB_Task-1,1,60,2,temporal24,1,1,0.5159226216071029
VisualCogA_Task-1,1,42,2,contrast25,1,1,0.6113421785791812
VisualCogA_Task-1,1,43,2,contrast25,-1,-1,0.4531819823541838
VisualCogA_Task-1,1,44,2,contrast25,1,-1,0.4950434378019329
VisualCogA_Task-1,1,45,2,contrast25,-1,-1,0.302073722529945
VisualCogA_Task-1,1,47,2,contrast25,-1,-1,0.49798024500240184
VisualCogA_Task-1,1,48,2,contrast25,1,-1,0.4431089179683445
VisualCogA_Task-1,1,49,2,contrast25,-1,1,0.6379396011730457
VisualCogA_Task-1,1,50,2,contrast25,-1,1,0.6123177417830012
VisualCogA_Task-1,1,51,2,contrast25,1,1,0.5938679366602203
VisualCogA_Task-1,1,52,2,contrast25,1,1,0.9569397637861343
VisualCogA_Task-1,1,54,2,contrast25,-1,1,0.5128102859780761
VisualCogA_Task-1,1,55,2,contrast25,1,1,0.6489960807047007
VisualCogA_Task-1,1,56,2,contrast25,-1,1,0.6335825606230197
VisualCogA_Task-1,1,57,2,contrast25,-1,1,0.5101341051210824
VisualCogA_Task-1,1,58,2,contrast25,1,1,0.55628246095932
VisualCogA_Task-1,1,59,2,contrast25,1,-1,0.49358077268225814
VisualCogA_Task-1,1,60,2,contrast25,-1,-1,0.43797748082403987
VisualCogB_Task-1,1,41,2,contrast25,-1,-1,0.4871622690501781
VisualCogB_Task-1,1,42,2,contrast25,1,-1,0.48539950435719226
VisualCogB_Task-1,1,43,2,contrast25,1,-1,0.419346691854107
VisualCogB_Task-1,1,44,2,contrast25,1,-1,0.49441915648470475
VisualCogB_Task-1,1,45,2,contrast25,1,1,0.5373328542435568
VisualCogB_Task-1,1,48,2,contrast25,1,-1,0.4402892833636796
VisualCogB_Task-1,1,49,2,contrast25,1,-1,0.47269583103586593
VisualCogB_Task-1,1,50,2,contrast25,-1,1,0.7390811036676871
VisualCogB_Task-1,1,51,2,contrast25,1,-1,0.4566862282018311
VisualCogB_Task-1,1,52,2,contrast25,-1,1,0.571023732709208
VisualCogB_Task-1,1,53,2,contrast25,1,1,0.5190484747383607
VisualCogB_Task-1,1,55,2,contrast25,1,-1,0.1342819074726436
VisualCogB_Task-1,1,56,2,contrast25,-1,-1,0.39668305581536606
VisualCogB_Task-1,1,57,2,contrast25,1,1,0.5651536238274513
VisualCogB_Task-1,1,58,2,contrast25,1,1,0.8541914108397415
VisualCogB_Task-1,1,59,2,contrast25,1,-1,0.45730393114798235
VisualCogB_Task-1,1,60,2,contrast25,1,1,0.5183634605243027
VisualCogA_Task-2,2,42,2,main,-1,-1,0.49990762764961993
VisualCogA_Task-2,2,44,2,main,-1,-1,0.4904482591727679
VisualCogA_Task-2,2,46,2,main,-1,1,0.517649517822655
VisualCogA_Task-2,2,47,2,main,-1,1,0.5121027867249023
VisualCogA_Task-2,2,48,2,main,-1,-1,0.486372187313671
VisualCogA_Task-2,2,49,2,main,1,1,0.5254231011296264
VisualCogA_Task-2,2,50,2,main,1,-1,0.4752598271850138
VisualCogA_Task-2,2,51,2,main,-1,1,0.5675155830889488
VisualCogA_Task-2,2,52,2,main,1,-1,0.4816787186756729
VisualCogA_Task-2,2,53,2,main,1,1,0.5013491461321388
VisualCogA_Task-2,2,54,2,main,-1,1,0.5342250638941194
VisualCogA_Task-2,2,55,2,main,-1,1,0.5278234983563649
VisualCogA_Task-2,2,56,2,main,1,1,0.5433844410448996
VisualCogA_Task-2,2,57,2,main,1,-1,0.48941403592299637
VisualCogA_Task-2,2,58,2,main,1,1,0.50519942039941
VisualCogA_Task-2,2,59,2,main,1,-1,0.4985965334352356
VisualCogA_Task-2,2,60,2,main,1,1,0.5443265417340416
VisualCogB_Task-2,2,41,2,main,1,1,0.562305150668055
VisualCogB_Task-2,2,44,2,main,1,-1,0.49150838712574313
VisualCogB_Task-2,2,45,2,main,-1,1,0.5434905361509105
VisualCogB_Task-2,2,46,2,main,-1,-1,0.49564667091990955
VisualCogB_Task-2,2,47,2,main,1,-1,0.4886617693522133
VisualCogB_Task-2,2,48,2,main,-1,-1,0.4824343203545612
VisualCogB_Task-2,2,52,2,main,-1,-1,0.4933880011070628
VisualCogB_Task-2,2,53,2,main,1,-1,0.4788677719156955
VisualCogB_Task-2,2,55,2,main,1,-1,0.46652875047260295
VisualCogB_Task-2,2,58,2,main,-1,-1,0.48141930690655954
VisualCogB_Task-2,2,59,2,main,-1,-1,0.49682404686629483
VisualCogB_Task-2,2,60,2,main,-1,-1,0.471630065084401
VisualCogA_Task-2,2,42,2,amplitude4,-1,-1,0.49990762764961993
VisualCogA_Task-2,2,44,2,amplitude4,-1,-1,0.4904482591727679
VisualCogA_Task-2,2,46,2,amplitude4,-1,1,0.517649517822655
VisualCogA_Task-2,2,47,2,amplitude4,-1,1,0.5121027867249023
VisualCogA_Task-2,2,48,2,amplitude4,-1,-1,0.486372187313671
VisualCogA_Task-2,2,49,2,amplitude4,1,1,0.5254231011296264
VisualCogA_Task-2,2,50,2,amplitude4,1,-1,0.4752598271850138
VisualCogA_Task-2,2,51,2,amplitude4,-1,1,0.5675155830889488
VisualCogA_Task-2,2,52,2,amplitude4,1,-1,0.4816787186756729
VisualCogA_Task-2,2,53,2,amplitude4,1,1,0.5013491461321388
VisualCogA_Task-2,2,54,2,amplitude4,-1,1,0.5342250638941194
VisualCogA_Task-2,2,55,2,amplitude4,-1,1,0.5278234983563649
VisualCogA_Task-2,2,56,2,amplitude4,1,1,0.5433844410448996
VisualCogA_Task-2,2,57,2,amplitude4,1,-1,0.48941403592299637
VisualCogA_Task-2,2,58,2,amplitude4,1,1,0.50519942039941
VisualCogA_Task-2,2,59,2,amplitude4,1,-1,0.4985965334352356
VisualCogA_Task-2,2,60,2,amplitude4,1,1,0.5443265417340416
VisualCogB_Task-2,2,41,2,amplitude4,1,1,0.562305150668055
VisualCogB_Task-2,2,44,2,amplitude4,1,-1,0.49150838712574313
VisualCogB_Task-2,2,45,2,amplitude4,-1,1,0.5434905361509105
VisualCogB_Task-2,2,46,2,amplitude4,-1,-1,0.49564667091990955
VisualCogB_Task-2,2,47,2,amplitude4,1,-1,0.4886617693522133
VisualCogB_Task-2,2,48,2,amplitude4,-1,-1,0.4824343203545612
VisualCogB_Task-2,2,52,2,amplitude4,-1,-1,0.4933880011070628
VisualCogB_Task-2,2,53,2,amplitude4,1,-1,0.4788677719156955
VisualCogB_Task-2,2,55,2,amplitude4,1,-1,0.46652875047260295
VisualCogB_Task-2,2,58,2,amplitude4,-1,-1,0.48141930690655954
VisualCogB_Task-2,2,59,2,amplitude4,-1,-1,0.49682404686629483
VisualCogB_Task-2,2,60,2,amplitude4,-1,-1,0.471630065084401
VisualCogA_Task-2,2,42,2,temporal24,-1,-1,0.4800969867002472
VisualCogA_Task-2,2,44,2,temporal24,-1,-1,0.4839967890787177
VisualCogA_Task-2,2,46,2,temporal24,-1,1,0.524127483915427
VisualCogA_Task-2,2,47,2,temporal24,-1,1,0.5204281207385785
VisualCogA_Task-2,2,48,2,temporal24,-1,-1,0.4465123418874474
VisualCogA_Task-2,2,49,2,temporal24,1,1,0.5713019437526511
VisualCogA_Task-2,2,50,2,temporal24,1,-1,0.4550117849094781
VisualCogA_Task-2,2,51,2,temporal24,-1,1,0.6670161721279033
VisualCogA_Task-2,2,52,2,temporal24,1,-1,0.465854525995251
VisualCogA_Task-2,2,53,2,temporal24,1,-1,0.4936832652799613
VisualCogA_Task-2,2,54,2,temporal24,-1,1,0.5804646094834383
VisualCogA_Task-2,2,55,2,temporal24,-1,1,0.5911910345211632
VisualCogA_Task-2,2,56,2,temporal24,1,1,0.5548147607102663
VisualCogA_Task-2,2,57,2,temporal24,1,-1,0.47399175401186805
VisualCogA_Task-2,2,58,2,temporal24,1,1,0.5116564132046035
VisualCogA_Task-2,2,59,2,temporal24,1,-1,0.48780024646111103
VisualCogA_Task-2,2,60,2,temporal24,1,1,0.5631352472847192
VisualCogB_Task-2,2,41,2,temporal24,1,1,0.6329265001593507
VisualCogB_Task-2,2,44,2,temporal24,1,-1,0.48945961930348136
VisualCogB_Task-2,2,45,2,temporal24,-1,1,0.62738759451778
VisualCogB_Task-2,2,46,2,temporal24,-1,-1,0.49567094593641337
VisualCogB_Task-2,2,47,2,temporal24,1,-1,0.49315760693080213
VisualCogB_Task-2,2,48,2,temporal24,-1,-1,0.4597456813438027
VisualCogB_Task-2,2,52,2,temporal24,-1,-1,0.4936255037542395
VisualCogB_Task-2,2,53,2,temporal24,1,-1,0.46781259361379696
VisualCogB_Task-2,2,55,2,temporal24,1,-1,0.4852598829345425
VisualCogB_Task-2,2,58,2,temporal24,-1,-1,0.48256075528936887
VisualCogB_Task-2,2,59,2,temporal24,-1,1,0.5029530002467023
VisualCogB_Task-2,2,60,2,temporal24,-1,-1,0.4530386152252759
VisualCogA_Task-2,2,42,2,contrast25,-1,-1,0.48926428129420224
VisualCogA_Task-2,2,44,2,contrast25,-1,-1,0.4854847709006365
VisualCogA_Task-2,2,46,2,contrast25,-1,1,0.5295241609029065
VisualCogA_Task-2,2,47,2,contrast25,-1,1,0.5202443784208244
VisualCogA_Task-2,2,48,2,contrast25,-1,-1,0.4451009565828792
VisualCogA_Task-2,2,49,2,contrast25,1,1,0.5735844754711698
VisualCogA_Task-2,2,50,2,contrast25,1,-1,0.4528126293035629
VisualCogA_Task-2,2,51,2,contrast25,-1,1,0.6886685075107758
VisualCogA_Task-2,2,52,2,contrast25,1,-1,0.4469607684210839
VisualCogA_Task-2,2,53,2,contrast25,1,-1,0.4982880998784733
VisualCogA_Task-2,2,54,2,contrast25,-1,1,0.5822392422220275
VisualCogA_Task-2,2,55,2,contrast25,-1,1,0.6040592310119112
VisualCogA_Task-2,2,56,2,contrast25,1,1,0.5729066240912573
VisualCogA_Task-2,2,57,2,contrast25,1,1,0.5001080559809297
VisualCogA_Task-2,2,58,2,contrast25,1,1,0.5106493394103105
VisualCogA_Task-2,2,59,2,contrast25,1,-1,0.48877704721640647
VisualCogA_Task-2,2,60,2,contrast25,1,1,0.5862170272521615
VisualCogB_Task-2,2,41,2,contrast25,1,1,0.6231430942375965
VisualCogB_Task-2,2,44,2,contrast25,1,-1,0.4897918090032715
VisualCogB_Task-2,2,45,2,contrast25,-1,1,0.6180021167796873
VisualCogB_Task-2,2,46,2,contrast25,-1,-1,0.49206541860004854
VisualCogB_Task-2,2,47,2,contrast25,1,-1,0.49328696410578043
VisualCogB_Task-2,2,48,2,contrast25,-1,-1,0.45729778351987027
VisualCogB_Task-2,2,52,2,contrast25,-1,-1,0.4918074419502543
VisualCogB_Task-2,2,53,2,contrast25,1,-1,0.4755445562929962
VisualCogB_Task-2,2,55,2,contrast25,1,-1,0.4861923439910415
VisualCogB_Task-2,2,58,2,contrast25,-1,-1,0.4865494632897633
VisualCogB_Task-2,2,59,2,contrast25,-1,1,0.5075718023234936
VisualCogB_Task-2,2,60,2,contrast25,-1,-1,0.4484931937490955
VisualCogA_Task-1,1,61,3,main,1,1,0.513387570519155
VisualCogA_Task-1,1,62,3,main,-1,-1,0.49021095739560744
VisualCogA_Task-1,1,63,3,main,1,-1,0.4942333571503351
VisualCogA_Task-1,1,64,3,main,1,-1,0.44871605702280454
VisualCogA_Task-1,1,65,3,main,-1,-1,0.4727153712726431
VisualCogA_Task-1,1,66,3,main,1,1,0.5096410689547635
VisualCogA_Task-1,1,67,3,main,-1,-1,0.4661386891482204
VisualCogA_Task-1,1,68,3,main,-1,1,0.5121319279185071
VisualCogA_Task-1,1,69,3,main,1,-1,0.4854036953198806
VisualCogA_Task-1,1,70,3,main,1,-1,0.4900986760764033
VisualCogA_Task-1,1,71,3,main,-1,1,0.5176585012339885
VisualCogA_Task-1,1,72,3,main,1,-1,0.4931751943843592
VisualCogA_Task-1,1,73,3,main,-1,-1,0.49239415947870735
VisualCogA_Task-1,1,74,3,main,1,1,0.5448722060168308
VisualCogA_Task-1,1,75,3,main,-1,-1,0.46444847341140566
VisualCogA_Task-1,1,76,3,main,1,1,0.5009601208619757
VisualCogA_Task-1,1,79,3,main,-1,1,0.506575065817567
VisualCogA_Task-1,1,80,3,main,-1,-1,0.49294046647894213
VisualCogB_Task-1,1,61,3,main,-1,-1,0.47343873284657506
VisualCogB_Task-1,1,62,3,main,-1,-1,0.47601499428093796
VisualCogB_Task-1,1,64,3,main,-1,-1,0.46731838330732467
VisualCogB_Task-1,1,65,3,main,-1,-1,0.45842865309729103
VisualCogB_Task-1,1,66,3,main,-1,1,0.5454830524636162
VisualCogB_Task-1,1,67,3,main,1,1,0.5357615027952316
VisualCogB_Task-1,1,68,3,main,1,1,0.5102812083929844
VisualCogB_Task-1,1,69,3,main,-1,1,0.5883977691301033
VisualCogB_Task-1,1,70,3,main,-1,1,0.5542313218188216
VisualCogB_Task-1,1,72,3,main,1,1,0.5535659654262921
VisualCogB_Task-1,1,73,3,main,-1,-1,0.48418623035949543
VisualCogB_Task-1,1,74,3,main,-1,-1,0.496125396914533
VisualCogB_Task-1,1,75,3,main,1,-1,0.4269444281006496
VisualCogB_Task-1,1,76,3,main,-1,1,0.5027274936785942
VisualCogB_Task-1,1,77,3,main,-1,1,0.5096666483397045
VisualCogB_Task-1,1,79,3,main,1,-1,0.48885859013111477
VisualCogB_Task-1,1,80,3,main,-1,1,0.5005285534317013
VisualCogA_Task-1,1,61,3,amplitude4,1,-1,0.4895562629025214
VisualCogA_Task-1,1,62,3,amplitude4,-1,-1,0.4737223114078121
VisualCogA_Task-1,1,63,3,amplitude4,1,-1,0.4795362522386352
VisualCogA_Task-1,1,64,3,amplitude4,1,-1,0.40672568910968193
VisualCogA_Task-1,1,65,3,amplitude4,-1,-1,0.49119915795540736
VisualCogA_Task-1,1,66,3,amplitude4,1,1,0.5531838390253778
VisualCogA_Task-1,1,67,3,amplitude4,-1,-1,0.47802833215673196
VisualCogA_Task-1,1,68,3,amplitude4,-1,-1,0.48453117275464813
VisualCogA_Task-1,1,69,3,amplitude4,1,1,0.5033656917796445
VisualCogA_Task-1,1,70,3,amplitude4,1,-1,0.49975036473678724
VisualCogA_Task-1,1,71,3,amplitude4,-1,-1,0.48360918658215796
VisualCogA_Task-1,1,72,3,amplitude4,1,1,0.5123849775149495
VisualCogA_Task-1,1,73,3,amplitude4,-1,-1,0.4990148606048049
VisualCogA_Task-1,1,74,3,amplitude4,1,1,0.5066668006773799
VisualCogA_Task-1,1,75,3,amplitude4,-1,1,0.5129014058503104
VisualCogA_Task-1,1,76,3,amplitude4,1,1,0.5002317437035623
VisualCogA_Task-1,1,79,3,amplitude4,-1,1,0.5230183134285462
VisualCogA_Task-1,1,80,3,amplitude4,-1,1,0.5029596156690609
VisualCogB_Task-1,1,61,3,amplitude4,-1,1,0.629141303694043
VisualCogB_Task-1,1,62,3,amplitude4,-1,-1,0.3562194485504802
VisualCogB_Task-1,1,64,3,amplitude4,-1,1,0.5145508905991116
VisualCogB_Task-1,1,65,3,amplitude4,-1,-1,0.3977534885077229
VisualCogB_Task-1,1,66,3,amplitude4,-1,-1,0.22818238407046346
VisualCogB_Task-1,1,67,3,amplitude4,1,1,0.5150224097389494
VisualCogB_Task-1,1,68,3,amplitude4,1,1,0.5019536858444184
VisualCogB_Task-1,1,69,3,amplitude4,-1,1,0.6226022039669379
VisualCogB_Task-1,1,70,3,amplitude4,-1,1,0.5111460566247182
VisualCogB_Task-1,1,72,3,amplitude4,1,1,0.5088745290970694
VisualCogB_Task-1,1,73,3,amplitude4,-1,-1,0.4810901361328012
VisualCogB_Task-1,1,74,3,amplitude4,-1,1,0.5136248134517434
VisualCogB_Task-1,1,75,3,amplitude4,1,-1,0.3514346905872938
VisualCogB_Task-1,1,76,3,amplitude4,-1,-1,0.4905639036225825
VisualCogB_Task-1,1,77,3,amplitude4,-1,1,0.5268894892021003
VisualCogB_Task-1,1,79,3,amplitude4,1,-1,0.4687386397907289
VisualCogB_Task-1,1,80,3,amplitude4,-1,1,0.5288898413819261
VisualCogA_Task-1,1,61,3,temporal24,1,1,0.513387570519155
VisualCogA_Task-1,1,62,3,temporal24,-1,-1,0.49021095739560744
VisualCogA_Task-1,1,63,3,temporal24,1,-1,0.4942333571503351
VisualCogA_Task-1,1,64,3,temporal24,1,-1,0.44871605702280454
VisualCogA_Task-1,1,65,3,temporal24,-1,-1,0.4727153712726431
VisualCogA_Task-1,1,66,3,temporal24,1,1,0.5096410689547635
VisualCogA_Task-1,1,67,3,temporal24,-1,-1,0.4661386891482204
VisualCogA_Task-1,1,68,3,temporal24,-1,1,0.5121319279185071
VisualCogA_Task-1,1,69,3,temporal24,1,-1,0.4854036953198806
VisualCogA_Task-1,1,70,3,temporal24,1,-1,0.4900986760764033
VisualCogA_Task-1,1,71,3,temporal24,-1,1,0.5176585012339885
VisualCogA_Task-1,1,72,3,temporal24,1,-1,0.4931751943843592
VisualCogA_Task-1,1,73,3,temporal24,-1,-1,0.49239415947870735
VisualCogA_Task-1,1,74,3,temporal24,1,1,0.5448722060168308
VisualCogA_Task-1,1,75,3,temporal24,-1,-1,0.46444847341140566
VisualCogA_Task-1,1,76,3,temporal24,1,1,0.5009601208619757
VisualCogA_Task-1,1,79,3,temporal24,-1,1,0.506575065817567
VisualCogA_Task-1,1,80,3,temporal24,-1,-1,0.49294046647894213
VisualCogB_Task-1,1,61,3,temporal24,-1,-1,0.47343873284657506
VisualCogB_Task-1,1,62,3,temporal24,-1,-1,0.47601499428093796
VisualCogB_Task-1,1,64,3,temporal24,-1,-1,0.46731838330732467
VisualCogB_Task-1,1,65,3,temporal24,-1,-1,0.45842865309729103
VisualCogB_Task-1,1,66,3,temporal24,-1,1,0.5454830524636162
VisualCogB_Task-1,1,67,3,temporal24,1,1,0.5357615027952316
VisualCogB_Task-1,1,68,3,temporal24,1,1,0.5102812083929844
VisualCogB_Task-1,1,69,3,temporal24,-1,1,0.5883977691301033
VisualCogB_Task-1,1,70,3,temporal24,-1,1,0.5542313218188216
VisualCogB_Task-1,1,72,3,temporal24,1,1,0.5535659654262921
VisualCogB_Task-1,1,73,3,temporal24,-1,-1,0.48418623035949543
VisualCogB_Task-1,1,74,3,temporal24,-1,-1,0.496125396914533
VisualCogB_Task-1,1,75,3,temporal24,1,-1,0.4269444281006496
VisualCogB_Task-1,1,76,3,temporal24,-1,1,0.5027274936785942
VisualCogB_Task-1,1,77,3,temporal24,-1,1,0.5096666483397045
VisualCogB_Task-1,1,79,3,temporal24,1,-1,0.48885859013111477
VisualCogB_Task-1,1,80,3,temporal24,-1,1,0.5005285534317013
VisualCogA_Task-1,1,61,3,contrast25,1,1,0.5185118950447062
VisualCogA_Task-1,1,62,3,contrast25,-1,-1,0.49066484906260954
VisualCogA_Task-1,1,63,3,contrast25,1,1,0.5009760890217541
VisualCogA_Task-1,1,64,3,contrast25,1,-1,0.43874973717665927
VisualCogA_Task-1,1,65,3,contrast25,-1,-1,0.46274624624892813
VisualCogA_Task-1,1,66,3,contrast25,1,1,0.5106545881195377
VisualCogA_Task-1,1,67,3,contrast25,-1,-1,0.459783741266069
VisualCogA_Task-1,1,68,3,contrast25,-1,1,0.5202871044597059
VisualCogA_Task-1,1,69,3,contrast25,1,-1,0.4884897232826425
VisualCogA_Task-1,1,70,3,contrast25,1,-1,0.48662989126408746
VisualCogA_Task-1,1,71,3,contrast25,-1,1,0.5248878689831992
VisualCogA_Task-1,1,72,3,contrast25,1,-1,0.48749276833325467
VisualCogA_Task-1,1,73,3,contrast25,-1,-1,0.4852049053856611
VisualCogA_Task-1,1,74,3,contrast25,1,1,0.5544947660420733
VisualCogA_Task-1,1,75,3,contrast25,-1,-1,0.4453599633778759
VisualCogA_Task-1,1,76,3,contrast25,1,1,0.5026398904168167
VisualCogA_Task-1,1,79,3,contrast25,-1,1,0.5046642473030792
VisualCogA_Task-1,1,80,3,contrast25,-1,-1,0.4910215891430123
VisualCogB_Task-1,1,61,3,contrast25,-1,-1,0.4837055241011161
VisualCogB_Task-1,1,62,3,contrast25,-1,-1,0.4351806398863399
VisualCogB_Task-1,1,64,3,contrast25,-1,-1,0.47442259100004214
VisualCogB_Task-1,1,65,3,contrast25,-1,-1,0.46635430668741046
VisualCogB_Task-1,1,66,3,contrast25,-1,-1,0.47108782853424586
VisualCogB_Task-1,1,67,3,contrast25,1,1,0.5357170568382971
VisualCogB_Task-1,1,68,3,contrast25,1,1,0.5103888453727613
VisualCogB_Task-1,1,69,3,contrast25,-1,1,0.5839194871211597
VisualCogB_Task-1,1,70,3,contrast25,-1,1,0.5436993279142469
VisualCogB_Task-1,1,72,3,contrast25,1,1,0.5606764297794132
VisualCogB_Task-1,1,73,3,contrast25,-1,-1,0.4847907400527238
VisualCogB_Task-1,1,74,3,contrast25,-1,-1,0.49871106376383967
VisualCogB_Task-1,1,75,3,contrast25,1,-1,0.42618250027035454
VisualCogB_Task-1,1,76,3,contrast25,-1,-1,0.4934450161245004
VisualCogB_Task-1,1,77,3,contrast25,-1,1,0.5120402475874014
VisualCogB_Task-1,1,79,3,contrast25,1,-1,0.4915741640311267
VisualCogB_Task-1,1,80,3,contrast25,-1,1,0.5235470660098773
VisualCogA_Task-2,2,61,3,main,-1,-1,0.44638937751002855
VisualCogA_Task-2,2,64,3,main,-1,1,0.6371139418634233
VisualCogA_Task-2,2,65,3,main,1,-1,0.36983416022567495
VisualCogA_Task-2,2,66,3,main,-1,-1,0.4302106325839676
VisualCogA_Task-2,2,67,3,main,1,1,0.5471391487248051
VisualCogA_Task-2,2,69,3,main,-1,1,0.5206862083978261
VisualCogA_Task-2,2,70,3,main,-1,1,0.552531749974289
VisualCogA_Task-2,2,71,3,main,1,-1,0.4810537530090791
VisualCogA_Task-2,2,72,3,main,1,1,0.574944439419343
VisualCogA_Task-2,2,73,3,main,1,-1,0.4885320377632772
VisualCogA_Task-2,2,74,3,main,1,1,0.5329461017481129
VisualCogA_Task-2,2,75,3,main,-1,-1,0.49245476689394496
VisualCogA_Task-2,2,76,3,main,-1,-1,0.4977550760457436
VisualCogA_Task-2,2,77,3,main,-1,-1,0.48186995176653835
VisualCogA_Task-2,2,78,3,main,1,1,0.5908471618506629
VisualCogA_Task-2,2,79,3,main,-1,1,0.5127531588403439
VisualCogB_Task-2,2,61,3,main,-1,-1,0.44169287921533773
VisualCogB_Task-2,2,62,3,main,1,-1,0.48451859964921445
VisualCogB_Task-2,2,63,3,main,-1,1,0.5444901023679878
VisualCogB_Task-2,2,64,3,main,-1,-1,0.44723964649122533
VisualCogB_Task-2,2,65,3,main,1,1,0.5700924685371415
VisualCogB_Task-2,2,67,3,main,1,-1,0.4807680735968389
VisualCogB_Task-2,2,68,3,main,1,1,0.6412937289416129
VisualCogB_Task-2,2,69,3,main,-1,1,0.5600756772134166
VisualCogB_Task-2,2,70,3,main,-1,1,0.7018682902873149
VisualCogB_Task-2,2,71,3,main,1,1,0.5101673884739538
VisualCogB_Task-2,2,72,3,main,1,-1,0.2677196409533388
VisualCogB_Task-2,2,73,3,main,1,1,0.5119646203411627
VisualCogB_Task-2,2,74,3,main,-1,-1,0.4120460771914798
VisualCogB_Task-2,2,75,3,main,-1,1,0.5267894319815283
VisualCogB_Task-2,2,76,3,main,1,-1,0.39300336073117415
VisualCogB_Task-2,2,77,3,main,1,-1,0.430285912754488
VisualCogB_Task-2,2,78,3,main,-1,1,0.5283531583752464
VisualCogB_Task-2,2,80,3,main,-1,-1,0.42893068889648295
VisualCogA_Task-2,2,61,3,amplitude4,-1,-1,0.44638937751002855
VisualCogA_Task-2,2,64,3,amplitude4,-1,1,0.6371139418634233
VisualCogA_Task-2,2,65,3,amplitude4,1,-1,0.36983416022567495
VisualCogA_Task-2,2,66,3,amplitude4,-1,-1,0.4302106325839676
VisualCogA_Task-2,2,67,3,amplitude4,1,1,0.5471391487248051
VisualCogA_Task-2,2,69,3,amplitude4,-1,1,0.5206862083978261
VisualCogA_Task-2,2,70,3,amplitude4,-1,1,0.552531749974289
VisualCogA_Task-2,2,71,3,amplitude4,1,-1,0.4810537530090791
VisualCogA_Task-2,2,72,3,amplitude4,1,1,0.574944439419343
VisualCogA_Task-2,2,73,3,amplitude4,1,-1,0.4885320377632772
VisualCogA_Task-2,2,74,3,amplitude4,1,1,0.5329461017481129
VisualCogA_Task-2,2,75,3,amplitude4,-1,-1,0.49245476689394496
VisualCogA_Task-2,2,76,3,amplitude4,-1,-1,0.4977550760457436
VisualCogA_Task-2,2,77,3,amplitude4,-1,-1,0.48186995176653835
VisualCogA_Task-2,2,78,3,amplitude4,1,1,0.5908471618506629
VisualCogA_Task-2,2,79,3,amplitude4,-1,1,0.5127531588403439
VisualCogB_Task-2,2,61,3,amplitude4,-1,-1,0.44169287921533773
VisualCogB_Task-2,2,62,3,amplitude4,1,-1,0.48451859964921445
VisualCogB_Task-2,2,63,3,amplitude4,-1,1,0.5444901023679878
VisualCogB_Task-2,2,64,3,amplitude4,-1,-1,0.44723964649122533
VisualCogB_Task-2,2,65,3,amplitude4,1,1,0.5700924685371415
VisualCogB_Task-2,2,67,3,amplitude4,1,-1,0.4807680735968389
VisualCogB_Task-2,2,68,3,amplitude4,1,1,0.6412937289416129
VisualCogB_Task-2,2,69,3,amplitude4,-1,1,0.5600756772134166
VisualCogB_Task-2,2,70,3,amplitude4,-1,1,0.7018682902873149
VisualCogB_Task-2,2,71,3,amplitude4,1,1,0.5101673884739538
VisualCogB_Task-2,2,72,3,amplitude4,1,-1,0.2677196409533388
VisualCogB_Task-2,2,73,3,amplitude4,1,1,0.5119646203411627
VisualCogB_Task-2,2,74,3,amplitude4,-1,-1,0.4120460771914798
VisualCogB_Task-2,2,75,3,amplitude4,-1,1,0.5267894319815283
VisualCogB_Task-2,2,76,3,amplitude4,1,-1,0.39300336073117415
VisualCogB_Task-2,2,77,3,amplitude4,1,-1,0.430285912754488
VisualCogB_Task-2,2,78,3,amplitude4,-1,1,0.5283531583752464
VisualCogB_Task-2,2,80,3,amplitude4,-1,-1,0.42893068889648295
VisualCogA_Task-2,2,61,3,temporal24,-1,-1,0.493554718616815
VisualCogA_Task-2,2,64,3,temporal24,-1,1,0.570715688806972
VisualCogA_Task-2,2,65,3,temporal24,1,-1,0.437678620736335
VisualCogA_Task-2,2,66,3,temporal24,-1,-1,0.36610041961549755
VisualCogA_Task-2,2,67,3,temporal24,1,1,0.5055141624460106
VisualCogA_Task-2,2,69,3,temporal24,-1,1,0.5100670271718343
VisualCogA_Task-2,2,70,3,temporal24,-1,1,0.5309074118133725
VisualCogA_Task-2,2,71,3,temporal24,1,-1,0.48667815237487577
VisualCogA_Task-2,2,72,3,temporal24,1,1,0.5115913020803228
VisualCogA_Task-2,2,73,3,temporal24,1,-1,0.48710125856166014
VisualCogA_Task-2,2,74,3,temporal24,1,1,0.5309155825044644
VisualCogA_Task-2,2,75,3,temporal24,-1,-1,0.4537825070571567
VisualCogA_Task-2,2,76,3,temporal24,-1,-1,0.42500504768246056
VisualCogA_Task-2,2,77,3,temporal24,-1,-1,0.48886290630946816
VisualCogA_Task-2,2,78,3,temporal24,1,1,0.5587478805547155
VisualCogA_Task-2,2,79,3,temporal24,-1,1,0.5149408013932307
VisualCogB_Task-2,2,61,3,temporal24,-1,-1,0.48578817582409267
VisualCogB_Task-2,2,62,3,temporal24,1,-1,0.49011857703257533
VisualCogB_Task-2,2,63,3,temporal24,-1,1,0.5350567254526846
VisualCogB_Task-2,2,64,3,temporal24,-1,-1,0.3735895907763192
VisualCogB_Task-2,2,65,3,temporal24,1,-1,0.3778934153125229
VisualCogB_Task-2,2,67,3,temporal24,1,1,0.5292040260786696
VisualCogB_Task-2,2,68,3,temporal24,1,1,0.6649735321665402
VisualCogB_Task-2,2,69,3,temporal24,-1,1,0.5377709771970138
VisualCogB_Task-2,2,70,3,temporal24,-1,1,0.5612923554008938
VisualCogB_Task-2,2,71,3,temporal24,1,1,0.5222910231245301
VisualCogB_Task-2,2,72,3,temporal24,1,-1,0.4415002024196074
VisualCogB_Task-2,2,73,3,temporal24,1,1,0.5258440141722917
VisualCogB_Task-2,2,74,3,temporal24,-1,-1,0.4031395459810435
VisualCogB_Task-2,2,75,3,temporal24,-1,-1,0.4273801137926903
VisualCogB_Task-2,2,76,3,temporal24,1,-1,0.45371856205661304
VisualCogB_Task-2,2,77,3,temporal24,1,-1,0.4365809990062563
VisualCogB_Task-2,2,78,3,temporal24,-1,1,0.5090834595364686
VisualCogB_Task-2,2,80,3,temporal24,-1,-1,0.46523325823361333
VisualCogA_Task-2,2,61,3,contrast25,-1,-1,0.4501066317211027
VisualCogA_Task-2,2,64,3,contrast25,-1,1,0.6060161161313262
VisualCogA_Task-2,2,65,3,contrast25,1,-1,0.47669016572587414
VisualCogA_Task-2,2,66,3,contrast25,-1,-1,0.3089778813739068
VisualCogA_Task-2,2,67,3,contrast25,1,-1,0.4257399010317983
VisualCogA_Task-2,2,69,3,contrast25,-1,1,0.5651149398146965
VisualCogA_Task-2,2,70,3,contrast25,-1,1,0.5401139392179926
VisualCogA_Task-2,2,71,3,contrast25,1,-1,0.4794655443367675
VisualCogA_Task-2,2,72,3,contrast25,1,-1,0.42364118162923
VisualCogA_Task-2,2,73,3,contrast25,1,1,0.516884473837657
VisualCogA_Task-2,2,74,3,contrast25,1,1,0.5783443639346098
VisualCogA_Task-2,2,75,3,contrast25,-1,-1,0.393989898379649
VisualCogA_Task-2,2,76,3,contrast25,-1,-1,0.3744119261383237
VisualCogA_Task-2,2,77,3,contrast25,-1,-1,0.46406771597276636
VisualCogA_Task-2,2,78,3,contrast25,1,1,0.6055659385900284
VisualCogA_Task-2,2,79,3,contrast25,-1,1,0.5638258058206536
VisualCogB_Task-2,2,61,3,contrast25,-1,1,0.5042538671028901
VisualCogB_Task-2,2,62,3,contrast25,1,-1,0.4515700407622768
VisualCogB_Task-2,2,63,3,contrast25,-1,1,0.5158028503122142
VisualCogB_Task-2,2,64,3,contrast25,-1,-1,0.2542184538312068
VisualCogB_Task-2,2,65,3,contrast25,1,-1,0.10905102278695107
VisualCogB_Task-2,2,67,3,contrast25,1,1,0.7167846742197347
VisualCogB_Task-2,2,68,3,contrast25,1,1,0.6653487610536597
VisualCogB_Task-2,2,69,3,contrast25,-1,1,0.5614762895585207
VisualCogB_Task-2,2,70,3,contrast25,-1,-1,0.455200531426019
VisualCogB_Task-2,2,71,3,contrast25,1,1,0.5326328707216004
VisualCogB_Task-2,2,72,3,contrast25,1,1,0.6964997019546201
VisualCogB_Task-2,2,73,3,contrast25,1,-1,0.46160863514081374
VisualCogB_Task-2,2,74,3,contrast25,-1,-1,0.35965361512834276
VisualCogB_Task-2,2,75,3,contrast25,-1,-1,0.31675677577601746
VisualCogB_Task-2,2,76,3,contrast25,1,-1,0.3855381837201562
VisualCogB_Task-2,2,77,3,contrast25,1,-1,0.4393160576301276
VisualCogB_Task-2,2,78,3,contrast25,-1,1,0.5091655819681913
VisualCogB_Task-2,2,80,3,contrast25,-1,-1,0.47335304299732667
VisualCogA_Task-1,1,81,4,main,-1,1,0.5344040578412476
VisualCogA_Task-1,1,82,4,main,1,-1,0.47341731816239707
VisualCogA_Task-1,1,83,4,main,-1,1,0.6050772086785728
VisualCogA_Task-1,1,84,4,main,1,1,0.6469909998436416
VisualCogA_Task-1,1,85,4,main,-1,-1,0.263448296417106
VisualCogA_Task-1,1,86,4,main,1,-1,0.24621267701559182
VisualCogA_Task-1,1,87,4,main,1,1,0.583149909723885
VisualCogA_Task-1,1,89,4,main,1,-1,0.4140746676252443
VisualCogA_Task-1,1,90,4,main,1,1,0.5912779876773362
VisualCogA_Task-1,1,91,4,main,-1,-1,0.30200597478296615
VisualCogA_Task-1,1,92,4,main,1,-1,0.3047213406107918
VisualCogA_Task-1,1,93,4,main,1,1,0.6206406201512281
VisualCogA_Task-1,1,94,4,main,1,1,0.5785955184327464
VisualCogA_Task-1,1,95,4,main,-1,1,0.6790672438011253
VisualCogA_Task-1,1,96,4,main,1,1,0.5905034460151523
VisualCogA_Task-1,1,97,4,main,1,-1,0.3932328437996113
VisualCogA_Task-1,1,99,4,main,-1,1,0.5590638677229796
VisualCogA_Task-1,1,100,4,main,1,-1,0.3382053307041751
VisualCogB_Task-1,1,81,4,main,-1,1,0.5749820326296836
VisualCogB_Task-1,1,82,4,main,1,-1,0.33750533206127814
VisualCogB_Task-1,1,83,4,main,-1,-1,0.46609242213172014
VisualCogB_Task-1,1,84,4,main,-1,-1,0.4849653861437772
VisualCogB_Task-1,1,86,4,main,-1,-1,0.454153782737059
VisualCogB_Task-1,1,87,4,main,-1,1,0.5677580158075276
VisualCogB_Task-1,1,89,4,main,-1,-1,0.4943392259834552
VisualCogB_Task-1,1,90,4,main,-1,-1,0.35827156914452357
VisualCogB_Task-1,1,91,4,main,1,1,0.5257185120238075
VisualCogB_Task-1,1,93,4,main,-1,1,0.5160587314668525
VisualCogB_Task-1,1,94,4,main,1,1,0.5604484742115702
VisualCogB_Task-1,1,95,4,main,-1,1,0.5342073194645112
VisualCogB_Task-1,1,96,4,main,1,1,0.5200485118905376
VisualCogB_Task-1,1,98,4,main,1,1,0.6036618541009906
VisualCogB_Task-1,1,99,4,main,1,-1,0.37689274478423124
VisualCogB_Task-1,1,100,4,main,1,1,0.5209012759974259
VisualCogA_Task-1,1,81,4,amplitude4,-1,1,0.5159892663806254
VisualCogA_Task-1,1,82,4,amplitude4,1,-1,0.4943013576173961
VisualCogA_Task-1,1,83,4,amplitude4,-1,1,0.5117534585714625
VisualCogA_Task-1,1,84,4,amplitude4,1,1,0.5321322993500902
VisualCogA_Task-1,1,85,4,amplitude4,-1,-1,0.4794284766661829
VisualCogA_Task-1,1,86,4,amplitude4,1,1,0.5017601916140959
VisualCogA_Task-1,1,87,4,amplitude4,1,1,0.5036980288848126
VisualCogA_Task-1,1,89,4,amplitude4,1,-1,0.49254598360542545
VisualCogA_Task-1,1,90,4,amplitude4,1,-1,0.495190797918111
VisualCogA_Task-1,1,91,4,amplitude4,-1,1,0.50632221937025
VisualCogA_Task-1,1,92,4,amplitude4,1,1,0.510218613524925
VisualCogA_Task-1,1,93,4,amplitude4,1,1,0.5060957019042258
VisualCogA_Task-1,1,94,4,amplitude4,1,1,0.5024614006875134
VisualCogA_Task-1,1,95,4,amplitude4,-1,-1,0.494041574538291
VisualCogA_Task-1,1,96,4,amplitude4,1,-1,0.4974753355939554
VisualCogA_Task-1,1,97,4,amplitude4,1,1,0.5119978827234859
VisualCogA_Task-1,1,99,4,amplitude4,-1,1,0.504440960443177
VisualCogA_Task-1,1,100,4,amplitude4,1,-1,0.4910460999312683
VisualCogB_Task-1,1,81,4,amplitude4,-1,-1,0.46680162944358616
VisualCogB_Task-1,1,82,4,amplitude4,1,-1,0.4805022429028617
VisualCogB_Task-1,1,83,4,amplitude4,-1,-1,0.45221928204138695
VisualCogB_Task-1,1,84,4,amplitude4,-1,1,0.5056444484481007
VisualCogB_Task-1,1,86,4,amplitude4,-1,1,0.5018012717322756
VisualCogB_Task-1,1,87,4,amplitude4,-1,1,0.5009174336494294
VisualCogB_Task-1,1,89,4,amplitude4,-1,1,0.5251336782013534
VisualCogB_Task-1,1,90,4,amplitude4,-1,-1,0.476072748060207
VisualCogB_Task-1,1,91,4,amplitude4,1,1,0.512086254822917
VisualCogB_Task-1,1,93,4,amplitude4,-1,1,0.5160058758510554
VisualCogB_Task-1,1,94,4,amplitude4,1,1,0.5054661881583857
VisualCogB_Task-1,1,95,4,amplitude4,-1,1,0.509115525916747
VisualCogB_Task-1,1,96,4,amplitude4,1,1,0.5073729252867647
VisualCogB_Task-1,1,98,4,amplitude4,1,1,0.5181139172175703
VisualCogB_Task-1,1,99,4,amplitude4,1,-1,0.49240319022404216
VisualCogB_Task-1,1,100,4,amplitude4,1,-1,0.4751956157628483
VisualCogA_Task-1,1,81,4,temporal24,-1,1,0.5084709244569289
VisualCogA_Task-1,1,82,4,temporal24,1,1,0.5077916045706463
VisualCogA_Task-1,1,83,4,temporal24,-1,1,0.5190971459817049
VisualCogA_Task-1,1,84,4,temporal24,1,1,0.5869841857030939
VisualCogA_Task-1,1,85,4,temporal24,-1,-1,0.45410569153725494
VisualCogA_Task-1,1,86,4,temporal24,1,-1,0.44477221298658226
VisualCogA_Task-1,1,87,4,temporal24,1,1,0.5220496016387217
VisualCogA_Task-1,1,89,4,temporal24,1,-1,0.46434225648532235
VisualCogA_Task-1,1,90,4,temporal24,1,1,0.525009335177764
VisualCogA_Task-1,1,91,4,temporal24,-1,1,0.5033510258112392
VisualCogA_Task-1,1,92,4,temporal24,1,-1,0.45405833736018913
VisualCogA_Task-1,1,93,4,temporal24,1,1,0.5408917363406955
VisualCogA_Task-1,1,94,4,temporal24,1,1,0.5426340285283379
VisualCogA_Task-1,1,95,4,temporal24,-1,1,0.5598441238792577
VisualCogA_Task-1,1,96,4,temporal24,1,1,0.5324165987146112
VisualCogA_Task-1,1,97,4,temporal24,1,-1,0.4945644089752565
VisualCogA_Task-1,1,99,4,temporal24,-1,1,0.522067872001692
VisualCogA_Task-1,1,100,4,temporal24,1,-1,0.4567722315801953
VisualCogB_Task-1,1,81,4,temporal24,-1,-1,0.4867269485979831
VisualCogB_Task-1,1,82,4,temporal24,1,-1,0.48879708989551274
VisualCogB_Task-1,1,83,4,temporal24,-1,-1,0.4731525131882885
VisualCogB_Task-1,1,84,4,temporal24,-1,-1,0.49103653371719486
VisualCogB_Task-1,1,86,4,temporal24,-1,1,0.5143755188922238
VisualCogB_Task-1,1,87,4,temporal24,-1,1,0.5135747403412257
VisualCogB_Task-1,1,89,4,temporal24,-1,1,0.5205417072783953
VisualCogB_Task-1,1,90,4,temporal24,-1,-1,0.39777540248595256
VisualCogB_Task-1,1,91,4,temporal24,1,1,0.5128857646150933
VisualCogB_Task-1,1,93,4,temporal24,-1,1,0.5356264342551843
VisualCogB_Task-1,1,94,4,temporal24,1,1,0.5375898641351551
VisualCogB_Task-1,1,95,4,temporal24,-1,1,0.5128802874967064
VisualCogB_Task-1,1,96,4,temporal24,1,1,0.5020697311348725
VisualCogB_Task-1,1,98,4,temporal24,1,1,0.526037266137562
VisualCogB_Task-1,1,99,4,temporal24,1,-1,0.49486782123863965
VisualCogB_Task-1,1,100,4,temporal24,1,1,0.5245097365885816
VisualCogA_Task-1,1,81,4,contrast25,-1,1,0.5344040578412476
VisualCogA_Task-1,1,82,4,contrast25,1,-1,0.47341731816239707
VisualCogA_Task-1,1,83,4,contrast25,-1,1,0.6050772086785728
VisualCogA_Task-1,1,84,4,contrast25,1,1,0.6469909998436416
VisualCogA_Task-1,1,85,4,contrast25,-1,-1,0.263448296417106
VisualCogA_Task-1,1,86,4,contrast25,1,-1,0.24621267701559182
VisualCogA_Task-1,1,87,4,contrast25,1,1,0.583149909723885
VisualCogA_Task-1,1,89,4,contrast25,1,-1,0.4140746676252443
VisualCogA_Task-1,1,90,4,contrast25,1,1,0.5912779876773362
VisualCogA_Task-1,1,91,4,contrast25,-1,-1,0.30200597478296615
VisualCogA_Task-1,1,92,4,contrast25,1,-1,0.3047213406107918
VisualCogA_Task-1,1,93,4,contrast25,1,1,0.6206406201512281
VisualCogA_Task-1,1,94,4,contrast25,1,1,0.5785955184327464
VisualCogA_Task-1,1,95,4,contrast25,-1,1,0.6790672438011253
VisualCogA_Task-1,1,96,4,contrast25,1,1,0.5905034460151523
VisualCogA_Task-1,1,97,4,contrast25,1,-1,0.3932328437996113
VisualCogA_Task-1,1,99,4,contrast25,-1,1,0.5590638677229796
VisualCogA_Task-1,1,100,4,contrast25,1,-1,0.3382053307041751
VisualCogB_Task-1,1,81,4,contrast25,-1,1,0.5749820326296836
VisualCogB_Task-1,1,82,4,contrast25,1,-1,0.33750533206127814
VisualCogB_Task-1,1,83,4,contrast25,-1,-1,0.46609242213172014
VisualCogB_Task-1,1,84,4,contrast25,-1,-1,0.4849653861437772
VisualCogB_Task-1,1,86,4,contrast25,-1,-1,0.454153782737059
VisualCogB_Task-1,1,87,4,contrast25,-1,1,0.5677580158075276
VisualCogB_Task-1,1,89,4,contrast25,-1,-1,0.4943392259834552
VisualCogB_Task-1,1,90,4,contrast25,-1,-1,0.35827156914452357
VisualCogB_Task-1,1,91,4,contrast25,1,1,0.5257185120238075
VisualCogB_Task-1,1,93,4,contrast25,-1,1,0.5160587314668525
VisualCogB_Task-1,1,94,4,contrast25,1,1,0.5604484742115702
VisualCogB_Task-1,1,95,4,contrast25,-1,1,0.5342073194645112
VisualCogB_Task-1,1,96,4,contrast25,1,1,0.5200485118905376
VisualCogB_Task-1,1,98,4,contrast25,1,1,0.6036618541009906
VisualCogB_Task-1,1,99,4,contrast25,1,-1,0.37689274478423124
VisualCogB_Task-1,1,100,4,contrast25,1,1,0.5209012759974259
VisualCogA_Task-2,2,81,4,main,-1,-1,0.1998362058294533
VisualCogA_Task-2,2,82,4,main,1,1,0.5590883784983995
VisualCogA_Task-2,2,83,4,main,1,1,0.5093630256038645
VisualCogA_Task-2,2,84,4,main,-1,1,0.5466540292595761
VisualCogA_Task-2,2,85,4,main,1,-1,0.4788724833004527
VisualCogA_Task-2,2,87,4,main,-1,1,0.5735860722963394
VisualCogA_Task-2,2,88,4,main,1,1,0.6932828764645017
VisualCogA_Task-2,2,89,4,main,-1,-1,0.4709797427751196
VisualCogA_Task-2,2,90,4,main,-1,1,0.6069869654425074
VisualCogA_Task-2,2,91,4,main,-1,-1,0.43789313163545895
VisualCogA_Task-2,2,92,4,main,-1,-1,0.47433336142471927
VisualCogA_Task-2,2,93,4,main,1,-1,0.4760788783415642
VisualCogA_Task-2,2,94,4,main,-1,-1,0.16974041830050665
VisualCogA_Task-2,2,95,4,main,-1,-1,0.4015741484512621
VisualCogA_Task-2,2,96,4,main,-1,1,0.5129469648854605
VisualCogA_Task-2,2,97,4,main,-1,-1,0.45945580352341797
VisualCogA_Task-2,2,98,4,main,-1,-1,0.3305767096230992
VisualCogA_Task-2,2,99,4,main,-1,-1,0.49906202578999437
VisualCogA_Task-2,2,100,4,main,-1,1,0.579178877536711
VisualCogB_Task-2,2,81,4,main,1,1,0.5052450886133004
VisualCogB_Task-2,2,83,4,main,1,1,0.5634511446232716
VisualCogB_Task-2,2,84,4,main,-1,1,0.5274458725799981
VisualCogB_Task-2,2,86,4,main,1,-1,0.48521317981081713
VisualCogB_Task-2,2,87,4,main,-1,-1,0.49006904146421576
VisualCogB_Task-2,2,88,4,main,1,1,0.6043786838287775
VisualCogB_Task-2,2,89,4,main,-1,-1,0.41223122879305507
VisualCogB_Task-2,2,90,4,main,1,-1,0.48653885175064815
VisualCogB_Task-2,2,91,4,main,-1,-1,0.40227306278120945
VisualCogB_Task-2,2,92,4,main,-1,-1,0.48396716507387744
VisualCogB_Task-2,2,93,4,main,1,1,0.5132630676047965
VisualCogB_Task-2,2,94,4,main,-1,1,0.5758376299984629
VisualCogB_Task-2,2,95,4,main,1,1,0.5470414434984294
VisualCogB_Task-2,2,96,4,main,1,-1,0.3836386908122832
VisualCogB_Task-2,2,97,4,main,-1,1,0.5221858614857773
VisualCogB_Task-2,2,98,4,main,-1,1,0.5076557643428901
VisualCogB_Task-2,2,99,4,main,1,1,0.5157976375311135
VisualCogB_Task-2,2,100,4,main,-1,1,0.5584786357455597
VisualCogA_Task-2,2,81,4,amplitude4,-1,-1,0.4172993745768149
VisualCogA_Task-2,2,82,4,amplitude4,1,1,0.5051584185802797
VisualCogA_Task-2,2,83,4,amplitude4,1,1,0.5172251308479382
VisualCogA_Task-2,2,84,4,amplitude4,-1,1,0.5140355226822542
VisualCogA_Task-2,2,85,4,amplitude4,1,1,0.5009112123951334
VisualCogA_Task-2,2,87,4,amplitude4,-1,1,0.5425130603659946
VisualCogA_Task-2,2,88,4,amplitude4,1,1,0.5634973674925569
VisualCogA_Task-2,2,89,4,amplitude4,-1,-1,0.4969892753614254
VisualCogA_Task-2,2,90,4,amplitude4,-1,1,0.5257370642062436
VisualCogA_Task-2,2,91,4,amplitude4,-1,-1,0.48994717647742825
VisualCogA_Task-2,2,92,4,amplitude4,-1,-1,0.4927518879588692
VisualCogA_Task-2,2,93,4,amplitude4,1,1,0.503015612401311
VisualCogA_Task-2,2,94,4,amplitude4,-1,-1,0.4021006098656246
VisualCogA_Task-2,2,95,4,amplitude4,-1,-1,0.4748582362145009
VisualCogA_Task-2,2,96,4,amplitude4,-1,1,0.5039807911852892
VisualCogA_Task-2,2,97,4,amplitude4,-1,-1,0.49762132877000226
VisualCogA_Task-2,2,98,4,amplitude4,-1,-1,0.47012464157825773
VisualCogA_Task-2,2,99,4,amplitude4,-1,1,0.5000171621952836
VisualCogA_Task-2,2,100,4,amplitude4,-1,1,0.5243112798151752
VisualCogB_Task-2,2,81,4,amplitude4,1,-1,0.4932300640576843
VisualCogB_Task-2,2,83,4,amplitude4,1,1,0.5244313477888494
VisualCogB_Task-2,2,84,4,amplitude4,-1,1,0.5043399110221578
VisualCogB_Task-2,2,86,4,amplitude4,1,-1,0.4901808138114354
VisualCogB_Task-2,2,87,4,amplitude4,-1,1,0.514969887573125
VisualCogB_Task-2,2,88,4,amplitude4,1,1,0.5408435811782251
VisualCogB_Task-2,2,89,4,amplitude4,-1,-1,0.44501972553979136
VisualCogB_Task-2,2,90,4,amplitude4,1,-1,0.49145440679309693
VisualCogB_Task-2,2,91,4,amplitude4,-1,-1,0.416075383385062
VisualCogB_Task-2,2,92,4,amplitude4,-1,-1,0.4929469788620654
VisualCogB_Task-2,2,93,4,amplitude4,1,1,0.5023788733202112
VisualCogB_Task-2,2,94,4,amplitude4,-1,1,0.517029586713627
VisualCogB_Task-2,2,95,4,amplitude4,1,1,0.5024250126269049
VisualCogB_Task-2,2,96,4,amplitude4,1,-1,0.4404416656722105
VisualCogB_Task-2,2,97,4,amplitude4,-1,1,0.5024132100624811
VisualCogB_Task-2,2,98,4,amplitude4,-1,-1,0.49629807063416514
VisualCogB_Task-2,2,99,4,amplitude4,1,1,0.5130057463449632
VisualCogB_Task-2,2,100,4,amplitude4,-1,-1,0.49791719930942563
VisualCogA_Task-2,2,81,4,temporal24,-1,-1,0.24486401363321228
VisualCogA_Task-2,2,82,4,temporal24,1,1,0.5149684175089416
VisualCogA_Task-2,2,83,4,temporal24,1,1,0.5361299151900039
VisualCogA_Task-2,2,84,4,temporal24,-1,1,0.529219511927319
VisualCogA_Task-2,2,85,4,temporal24,1,-1,0.4939640200068244
VisualCogA_Task-2,2,87,4,temporal24,-1,1,0.6129283095313962
VisualCogA_Task-2,2,88,4,temporal24,1,1,0.6222259528217402
VisualCogA_Task-2,2,89,4,temporal24,-1,-1,0.483435468979854
VisualCogA_Task-2,2,90,4,temporal24,-1,1,0.6165723779169445
VisualCogA_Task-2,2,91,4,temporal24,-1,-1,0.46809123712130546
VisualCogA_Task-2,2,92,4,temporal24,-1,-1,0.4897833379413008
VisualCogA_Task-2,2,93,4,temporal24,1,1,0.5016979922225234
VisualCogA_Task-2,2,94,4,temporal24,-1,-1,0.2603206133916026
VisualCogA_Task-2,2,95,4,temporal24,-1,-1,0.40027904659615804
VisualCogA_Task-2,2,96,4,temporal24,-1,1,0.5094024632431187
VisualCogA_Task-2,2,97,4,temporal24,-1,-1,0.4771394875297526
VisualCogA_Task-2,2,98,4,temporal24,-1,-1,0.3845973975515084
VisualCogA_Task-2,2,99,4,temporal24,-1,1,0.502998594358199
VisualCogA_Task-2,2,100,4,temporal24,-1,1,0.5582188132777903
VisualCogB_Task-2,2,81,4,temporal24,1,-1,0.49569006984107944
VisualCogB_Task-2,2,83,4,temporal24,1,1,0.549866731433723
VisualCogB_Task-2,2,84,4,temporal24,-1,1,0.5096421066095024
VisualCogB_Task-2,2,86,4,temporal24,1,-1,0.4843187745473055
VisualCogB_Task-2,2,87,4,temporal24,-1,1,0.5299700771684734
VisualCogB_Task-2,2,88,4,temporal24,1,1,0.604639059216175
VisualCogB_Task-2,2,89,4,temporal24,-1,-1,0.3446632041307331
VisualCogB_Task-2,2,90,4,temporal24,1,-1,0.49203971270533264
VisualCogB_Task-2,2,91,4,temporal24,-1,-1,0.32364300766400705
VisualCogB_Task-2,2,92,4,temporal24,-1,-1,0.4988147001742266
VisualCogB_Task-2,2,93,4,temporal24,1,1,0.5086713749500408
VisualCogB_Task-2,2,94,4,temporal24,-1,1,0.5405975946025261
VisualCogB_Task-2,2,95,4,temporal24,1,1,0.5044619135451178
VisualCogB_Task-2,2,96,4,temporal24,1,-1,0.3970668348869754
VisualCogB_Task-2,2,97,4,temporal24,-1,1,0.5052326580182493
VisualCogB_Task-2,2,98,4,temporal24,-1,-1,0.4980849983708025
VisualCogB_Task-2,2,99,4,temporal24,1,1,0.5414403135572234
VisualCogB_Task-2,2,100,4,temporal24,-1,-1,0.49760560791776093
VisualCogA_Task-2,2,81,4,contrast25,-1,-1,0.1998362058294533
VisualCogA_Task-2,2,82,4,contrast25,1,1,0.5590883784983995
VisualCogA_Task-2,2,83,4,contrast25,1,1,0.5093630256038645
VisualCogA_Task-2,2,84,4,contrast25,-1,1,0.5466540292595761
VisualCogA_Task-2,2,85,4,contrast25,1,-1,0.4788724833004527
VisualCogA_Task-2,2,87,4,contrast25,-1,1,0.5735860722963394
VisualCogA_Task-2,2,88,4,contrast25,1,1,0.6932828764645017
VisualCogA_Task-2,2,89,4,contrast25,-1,-1,0.4709797427751196
VisualCogA_Task-2,2,90,4,contrast25,-1,1,0.6069869654425074
VisualCogA_Task-2,2,91,4,contrast25,-1,-1,0.43789313163545895
VisualCogA_Task-2,2,92,4,contrast25,-1,-1,0.47433336142471927
VisualCogA_Task-2,2,93,4,contrast25,1,-1,0.4760788783415642
VisualCogA_Task-2,2,94,4,contrast25,-1,-1,0.16974041830050665
VisualCogA_Task-2,2,95,4,contrast25,-1,-1,0.4015741484512621
VisualCogA_Task-2,2,96,4,contrast25,-1,1,0.5129469648854605
VisualCogA_Task-2,2,97,4,contrast25,-1,-1,0.45945580352341797
VisualCogA_Task-2,2,98,4,contrast25,-1,-1,0.3305767096230992
VisualCogA_Task-2,2,99,4,contrast25,-1,-1,0.49906202578999437
VisualCogA_Task-2,2,100,4,contrast25,-1,1,0.579178877536711
VisualCogB_Task-2,2,81,4,contrast25,1,1,0.5052450886133004
VisualCogB_Task-2,2,83,4,contrast25,1,1,0.5634511446232716
VisualCogB_Task-2,2,84,4,contrast25,-1,1,0.5274458725799981
VisualCogB_Task-2,2,86,4,contrast25,1,-1,0.48521317981081713
VisualCogB_Task-2,2,87,4,contrast25,-1,-1,0.49006904146421576
VisualCogB_Task-2,2,88,4,contrast25,1,1,0.6043786838287775
VisualCogB_Task-2,2,89,4,contrast25,-1,-1,0.41223122879305507
VisualCogB_Task-2,2,90,4,contrast25,1,-1,0.48653885175064815
VisualCogB_Task-2,2,91,4,contrast25,-1,-1,0.40227306278120945
VisualCogB_Task-2,2,92,4,contrast25,-1,-1,0.48396716507387744
VisualCogB_Task-2,2,93,4,contrast25,1,1,0.5132630676047965
VisualCogB_Task-2,2,94,4,contrast25,-1,1,0.5758376299984629
VisualCogB_Task-2,2,95,4,contrast25,1,1,0.5470414434984294
VisualCogB_Task-2,2,96,4,contrast25,1,-1,0.3836386908122832
VisualCogB_Task-2,2,97,4,contrast25,-1,1,0.5221858614857773
VisualCogB_Task-2,2,98,4,contrast25,-1,1,0.5076557643428901
VisualCogB_Task-2,2,99,4,contrast25,1,1,0.5157976375311135
VisualCogB_Task-2,2,100,4,contrast25,-1,1,0.5584786357455597
